,0,Predicted values
0,1,1
1,0,0
2,1,1
3,0,0
4,0,0
5,0,0
6,1,1
7,0,0
8,0,0
9,0,0
10,1,1
11,0,0
12,1,1
13,0,0
14,1,1
15,1,1
16,1,1
17,0,0
18,1,1
19,1,1
20,0,0
21,1,1
22,1,1
23,0,0
24,1,1
25,0,0
26,0,0
27,0,0
28,0,0
29,1,1
30,0,0
31,0,0
32,1,1
33,1,1
34,0,0
35,0,0
36,1,1
37,1,1
38,1,0
39,0,0
40,0,0
41,1,1
42,0,0
43,0,0
44,1,1
45,1,1
46,1,1
47,1,1
48,1,1
49,0,0
50,1,1
51,1,1
52,1,1
53,1,1
54,0,0
55,0,0
56,0,0
57,1,1
58,0,0
59,0,0
60,1,1
61,1,1
62,1,1
63,0,0
64,1,1
65,1,1
66,0,0
67,1,1
68,1,1
69,0,0
70,0,0
71,1,1
72,1,1
73,1,1
74,0,0
75,0,0
76,0,0
77,1,1
78,1,1
79,0,0
80,1,1
81,0,0
82,0,0
83,0,1
84,1,1
85,1,1
86,0,0
87,1,1
88,0,0
89,0,0
90,1,1
91,0,0
92,1,1
93,0,0
94,1,1
95,1,1
96,0,0
97,1,1
98,0,0
99,0,0
100,1,1
101,1,1
102,0,0
103,1,1
104,1,1
105,0,0
106,0,0
107,0,0
108,1,1
109,0,1
110,0,0
111,0,0
112,1,1
113,0,0
114,1,1
115,0,0
116,1,1
117,0,0
118,0,1
119,1,1
120,0,0
121,0,0
122,1,0
123,0,0
124,0,0
125,0,0
126,0,0
127,0,0
128,0,0
129,1,1
130,0,0
131,1,1
132,1,1
133,1,1
134,0,0
135,0,0
136,1,1
137,1,1
138,0,0
139,1,1
140,1,1
141,1,1
142,0,0
143,0,0
144,1,1
145,1,1
146,0,0
147,0,0
148,0,0
149,1,0
150,0,0
151,1,1
152,0,0
153,0,0
154,1,1
155,0,0
156,0,0
157,0,0
158,0,0
159,0,0
160,0,0
161,1,1
162,1,1
163,0,0
164,0,0
165,0,0
166,1,1
167,0,0
168,0,0
169,0,0
170,1,1
171,0,0
172,0,0
173,1,1
174,0,0
175,1,1
176,0,0
177,0,0
178,0,0
179,1,1
180,0,0
181,0,0
182,0,0
183,1,0
184,0,0
185,0,0
186,1,1
187,1,1
188,0,0
189,1,1
190,0,0
191,1,1
192,0,0
193,1,1
194,1,1
195,1,1
196,0,0
197,0,0
198,1,1
199,1,1
200,0,0
201,0,0
202,1,1
203,1,0
204,0,0
205,0,0
206,0,0
207,1,1
208,0,0
209,1,1
210,0,0
211,0,0
212,0,0
213,0,0
214,0,0
215,1,1
216,1,1
217,1,1
218,0,0
219,0,0
220,1,1
221,1,1
222,0,1
223,0,0
224,1,1
225,0,0
226,0,0
227,1,1
228,1,1
229,0,0
230,0,0
231,0,0
232,0,0
233,0,1
234,0,0
235,0,0
236,0,0
237,0,0
238,1,1
239,0,0
240,0,0
241,1,1
242,0,0
243,1,1
244,1,1
245,0,0
246,1,1
247,0,1
248,0,0
249,1,1
250,0,0
251,0,1
252,1,1
253,1,1
254,0,0
255,0,1
256,1,1
257,1,1
258,1,1
259,0,0
260,1,1
261,0,0
262,1,1
263,0,0
264,1,1
265,1,1
266,0,0
267,0,0
268,1,1
269,1,1
270,0,0
271,1,1
272,1,1
273,1,1
274,1,1
275,1,1
276,0,0
277,0,0
278,1,1
279,0,0
280,0,0
281,1,1
282,1,1
283,0,0
284,0,0
285,1,1
286,0,0
287,0,0
288,1,1
289,1,1
290,0,0
291,1,1
292,0,0
293,1,1
294,1,1
295,1,1
296,0,0
297,1,1
298,1,1
299,0,0
300,0,0
301,0,0
302,1,1
303,1,1
304,1,1
305,1,1
306,1,1
307,1,1
308,1,1
309,0,0
310,1,1
311,1,1
312,0,1
313,0,0
314,1,1
315,1,1
316,1,1
317,1,1
318,0,0
319,1,1
320,1,1
321,1,1
322,1,1
323,1,1
324,0,0
325,1,1
326,0,0
327,1,1
328,0,0
329,1,1
330,0,0
331,1,1
332,1,1
333,0,0
334,1,1
335,0,0
336,1,1
337,0,0
338,1,1
339,1,1
340,0,0
341,1,1
342,1,1
343,1,1
344,1,1
345,0,0
346,1,1
347,1,1
348,0,0
349,0,0
350,0,0
351,0,0
352,1,1
353,1,1
354,1,1
355,0,0
356,0,0
357,1,1
358,0,0
359,1,1
360,0,0
361,0,0
362,0,0
363,1,1
364,0,0
365,1,1
366,0,0
367,0,0
368,0,0
369,1,0
370,0,0
371,0,0
372,0,0
373,0,0
374,1,0
375,0,0
376,1,1
377,1,1
378,0,0
379,1,1
380,1,1
381,0,0
382,0,0
383,0,1
384,1,1
385,0,0
386,1,1
387,1,1
388,0,0
389,1,1
390,1,1
391,0,0
392,0,1
393,0,0
394,0,0
395,1,1
396,0,0
397,1,1
398,1,1
399,1,1
400,0,0
401,1,1
402,1,1
403,1,1
404,0,0
405,1,1
406,1,1
407,0,0
408,0,0
409,0,1
410,0,0
411,0,0
412,0,0
413,0,0
414,0,0
415,1,1
416,0,0
417,0,0
418,1,1
419,1,1
420,0,0
421,0,0
422,1,1
423,1,1
424,1,1
425,0,0
426,1,1
427,0,0
428,1,1
429,1,1
430,0,0
431,1,1
432,1,1
433,1,1
434,0,0
435,0,0
436,1,1
437,1,1
438,1,1
439,0,0
440,0,0
441,1,1
442,0,0
443,1,1
444,0,1
445,0,0
446,0,0
447,1,1
448,0,0
449,1,1
450,0,0
451,1,1
452,0,0
453,0,0
454,0,0
455,0,1
456,0,0
457,1,1
458,0,0
459,0,0
460,1,1
461,0,0
462,1,1
463,1,1
464,1,1
465,1,1
466,0,0
467,1,1
468,1,1
469,0,0
470,0,0
471,0,0
472,1,1
473,0,0
474,1,1
475,1,1
476,0,0
477,1,1
478,1,1
479,1,1
480,1,1
481,1,1
482,1,1
483,0,0
484,1,1
485,0,0
486,1,1
487,1,0
488,1,1
489,0,0
490,0,0
491,1,1
492,0,0
493,1,1
494,1,1
495,1,1
496,1,1
497,0,0
498,0,0
499,1,1
500,0,1
501,1,1
502,1,1
503,1,1
504,0,0
505,1,1
506,1,1
507,0,0
508,0,0
509,1,1
510,0,1
511,0,0
512,1,1
513,0,0
514,0,0
515,0,0
516,0,0
517,1,1
518,1,1
519,0,0
520,1,1
521,0,0
522,1,1
523,0,0
524,0,0
525,0,0
526,0,0
527,1,1
528,1,1
529,0,0
530,0,0
531,0,0
532,1,1
533,0,0
534,1,1
535,0,0
536,0,0
537,1,1
538,1,1
539,1,0
540,1,1
541,0,0
542,0,0
543,0,0
544,1,1
545,0,0
546,0,0
547,0,0
548,1,1
549,0,0
550,0,0
551,1,1
552,1,1
553,0,0
554,0,0
555,0,0
556,1,1
557,0,0
558,1,1
559,1,1
560,0,0
561,0,0
562,1,1
563,0,0
564,0,0
565,0,0
566,1,1
567,1,1
568,0,0
569,1,1
570,1,1
571,0,0
572,1,1
573,1,1
574,1,1
575,0,0
576,1,1
577,1,1
578,1,1
579,0,0
580,0,0
581,1,1
582,0,0
583,1,1
584,0,0
585,1,1
586,1,1
587,0,0
588,0,0
589,1,1
590,1,1
591,1,1
592,0,0
593,1,1
594,1,1
595,0,0
596,1,1
597,1,1
598,0,0
599,0,0
600,0,0
601,1,1
602,1,1
603,1,1
604,0,0
605,1,1
606,0,0
607,0,0
608,1,1
609,1,1
610,0,0
611,1,1
612,1,1
613,1,1
614,1,1
615,0,0
616,0,0
617,0,0
618,0,0
619,1,1
620,0,0
621,1,1
622,0,0
623,1,1
624,0,0
625,0,0
626,0,0
627,0,0
628,1,1
629,1,1
630,1,1
631,0,0
632,1,1
633,1,1
634,1,1
635,1,1
636,1,1
637,0,0
638,1,1
639,1,1
640,0,1
641,1,1
642,1,1
643,0,0
644,0,0
645,0,0
646,0,0
647,1,1
648,1,1
649,1,1
650,1,1
651,0,0
652,1,1
653,1,1
654,1,1
655,1,1
656,1,1
657,0,0
658,1,1
659,1,1
660,0,0
661,1,1
662,1,1
663,1,1
664,1,1
665,0,0
666,0,0
667,0,0
668,1,1
669,0,0
670,0,0
671,0,0
672,1,1
673,0,0
674,1,1
675,1,1
676,1,1
677,0,0
678,0,0
679,0,0
680,1,1
681,0,0
682,0,0
683,0,0
684,1,1
685,1,1
686,1,1
687,1,1
688,0,0
689,0,0
690,0,0
691,0,0
692,0,0
693,1,1
694,0,0
695,0,0
696,0,0
697,1,1
698,1,1
699,1,1
700,1,1
701,1,0
702,1,1
703,1,1
704,0,0
705,0,0
706,0,0
707,0,1
708,1,1
709,0,0
710,1,1
711,0,0
712,0,0
713,0,0
714,0,0
715,0,0
716,0,0
717,0,0
718,1,1
719,0,0
720,1,1
721,0,0
722,0,0
723,1,1
724,0,0
725,1,1
726,0,0
727,1,1
728,1,1
729,0,0
730,1,1
731,1,1
732,0,0
733,0,1
734,1,1
735,1,1
736,0,0
737,1,1
738,0,0
739,0,0
740,1,1
741,1,1
742,1,1
743,0,0
744,0,0
745,1,1
746,1,1
747,1,1
748,0,0
749,0,0
750,0,0
751,1,1
752,1,1
753,1,0
754,1,1
755,1,1
756,0,1
757,1,1
758,0,1
759,0,0
760,0,0
761,1,1
762,0,0
763,0,0
764,0,0
765,1,1
766,0,0
767,0,1
768,1,1
769,1,1
770,1,1
771,0,0
772,1,1
773,1,0
774,1,1
775,1,1
776,0,0
777,1,1
778,0,0
779,1,1
780,1,1
781,0,0
782,0,0
783,0,1
784,1,1
785,0,0
786,0,0
787,0,1
788,0,0
789,1,1
790,0,0
791,0,0
792,1,1
793,0,0
794,1,1
795,1,1
796,0,0
797,1,1
798,1,1
799,1,1
800,0,0
801,0,0
802,1,1
803,0,0
804,0,0
805,1,1
806,1,1
807,1,1
808,1,1
809,1,1
810,1,1
811,0,0
812,0,0
813,0,0
814,1,1
815,0,0
816,0,0
817,1,1
818,0,0
819,0,1
820,1,1
821,0,0
822,0,0
823,1,1
824,0,0
825,0,0
826,0,0
827,1,1
828,1,1
829,1,1
830,1,1
831,0,0
832,0,0
833,1,1
834,0,0
835,0,0
836,1,1
837,0,0
838,0,0
839,1,1
840,0,0
841,1,1
842,1,1
843,0,0
844,0,0
845,0,0
846,1,1
847,1,1
848,0,0
849,1,1
850,1,1
851,1,1
852,1,0
853,1,1
854,0,0
855,0,0
856,1,1
857,1,1
858,0,0
859,0,0
860,1,1
861,1,1
862,0,0
863,0,0
864,1,1
865,1,1
866,1,1
867,0,0
868,0,0
869,0,0
870,1,1
871,0,0
872,1,1
873,1,1
874,0,0
875,0,0
876,0,0
877,1,1
878,0,1
879,0,0
880,1,1
881,1,1
882,1,1
883,0,0
884,1,1
885,0,0
886,1,1
887,0,0
888,1,1
889,0,0
890,0,0
891,1,1
892,0,1
893,0,0
894,1,1
895,1,1
896,1,1
897,0,0
898,1,1
899,1,1
900,0,0
901,0,1
902,1,1
903,0,0
904,0,0
905,0,0
906,1,1
907,1,1
908,1,1
909,1,1
910,1,1
911,1,1
912,1,1
913,1,1
914,0,0
915,0,0
916,1,1
917,0,0
918,0,0
919,1,1
920,0,0
921,1,1
922,0,0
923,1,1
924,1,1
925,1,1
926,0,0
927,0,0
928,0,0
929,0,0
930,0,0
931,1,1
932,0,0
933,0,0
934,1,1
935,0,0
936,1,1
937,1,1
938,1,1
939,0,0
940,0,0
941,0,0
942,0,0
943,0,0
944,0,0
945,0,0
946,1,1
947,1,1
948,0,0
949,1,1
950,0,0
951,1,1
952,0,0
953,1,1
954,0,0
955,1,1
956,0,0
957,0,0
958,0,0
959,1,1
960,0,0
961,0,0
962,1,1
963,0,0
964,0,0
965,0,0
966,1,1
967,1,0
968,0,0
969,0,0
970,1,1
971,0,0
972,0,0
973,1,1
974,0,0
975,0,0
976,0,0
977,1,1
978,0,1
979,1,1
980,1,1
981,0,0
982,0,0
983,0,0
984,0,0
985,0,0
986,1,1
987,1,1
988,0,0
989,1,1
990,1,1
991,0,0
992,1,1
993,0,0
994,0,0
995,1,1
996,1,1
997,1,1
998,0,0
999,1,1
1000,1,1
1001,0,0
1002,0,1
1003,1,1
1004,0,0
1005,0,1
1006,0,0
1007,1,1
1008,0,0
1009,1,1
1010,1,1
1011,1,1
1012,0,0
1013,1,1
1014,1,1
1015,1,0
1016,1,1
1017,0,0
1018,1,1
1019,1,1
1020,1,1
1021,0,0
1022,0,0
1023,1,1
1024,0,0
1025,1,1
1026,1,1
1027,0,0
1028,1,1
1029,1,1
1030,0,0
1031,0,0
1032,1,1
1033,0,0
1034,0,0
1035,0,0
1036,0,0
1037,1,1
1038,1,1
1039,0,0
1040,0,0
1041,1,1
1042,0,0
1043,0,0
1044,0,0
1045,0,0
1046,1,1
1047,0,0
1048,0,0
1049,1,1
1050,0,0
1051,0,0
1052,0,0
1053,0,0
1054,0,0
1055,1,0
1056,0,0
1057,1,1
1058,0,0
1059,0,1
1060,1,1
1061,0,0
1062,1,1
1063,0,0
1064,0,0
1065,1,1
1066,1,1
1067,0,0
1068,1,1
1069,1,1
1070,1,1
1071,1,1
1072,1,1
1073,0,0
1074,1,1
1075,1,1
1076,1,1
1077,1,1
1078,0,0
1079,1,1
1080,1,1
1081,1,1
1082,0,0
1083,0,0
1084,1,1
1085,1,1
1086,1,1
1087,1,1
1088,1,1
1089,0,0
1090,1,1
1091,1,1
1092,0,0
1093,1,1
1094,1,1
1095,0,0
1096,0,0
1097,1,1
1098,0,0
1099,0,0
1100,1,1
1101,0,0
1102,1,0
1103,0,0
1104,0,0
1105,1,0
1106,0,0
1107,0,0
1108,0,0
1109,0,0
1110,0,0
1111,1,1
1112,0,1
1113,0,0
1114,0,0
1115,1,1
1116,0,0
1117,0,0
1118,1,1
1119,1,1
1120,0,0
1121,1,1
1122,1,1
1123,1,1
1124,0,0
1125,0,0
1126,1,1
1127,0,0
1128,1,1
1129,0,1
1130,0,0
1131,0,0
1132,0,0
1133,0,0
1134,0,0
1135,1,1
1136,1,1
1137,0,0
1138,1,1
1139,0,0
1140,0,0
1141,0,0
1142,1,1
1143,1,1
1144,0,0
1145,1,1
1146,1,1
1147,1,1
1148,1,1
1149,1,1
1150,1,1
1151,1,1
1152,1,1
1153,1,1
1154,0,0
1155,0,0
1156,1,1
1157,0,0
1158,1,1
1159,0,0
1160,0,0
1161,0,0
1162,1,1
1163,1,1
1164,1,1
1165,0,0
1166,1,1
1167,0,0
1168,0,0
1169,0,0
1170,0,0
1171,1,1
1172,1,1
1173,1,1
1174,0,0
1175,0,0
1176,1,1
1177,0,0
1178,0,0
1179,1,1
1180,1,1
1181,0,0
1182,1,1
1183,0,0
1184,0,0
1185,0,0
1186,1,1
1187,0,0
1188,0,0
1189,0,0
1190,1,1
1191,0,0
1192,1,1
1193,0,0
1194,1,1
1195,1,1
1196,1,1
1197,1,1
1198,0,1
1199,1,0
1200,0,0
1201,1,1
1202,0,0
1203,1,1
1204,1,1
1205,1,1
1206,0,0
1207,1,1
1208,1,1
1209,0,0
1210,1,1
1211,1,1
1212,0,0
1213,1,1
1214,1,1
1215,1,1
1216,1,1
1217,1,1
1218,1,1
1219,1,1
1220,1,1
1221,0,0
1222,0,0
1223,0,0
1224,0,0
1225,1,1
1226,1,1
1227,1,1
1228,0,0
1229,0,0
1230,0,0
1231,1,1
1232,1,1
1233,0,0
1234,1,1
1235,0,0
1236,0,0
1237,1,1
1238,0,0
1239,1,1
1240,1,1
1241,0,1
1242,0,0
1243,0,0
1244,1,1
1245,1,1
1246,0,0
1247,0,1
1248,0,0
1249,1,1
1250,0,0
1251,0,1
1252,0,0
1253,1,1
1254,1,1
1255,1,1
1256,0,0
1257,1,1
1258,1,1
1259,1,1
1260,0,0
1261,1,1
1262,1,1
1263,0,0
1264,1,1
1265,1,1
1266,0,0
1267,0,0
1268,0,0
1269,1,1
1270,1,1
1271,1,1
1272,1,1
1273,1,1
1274,1,0
1275,0,0
1276,1,1
1277,1,1
1278,1,1
1279,1,1
1280,0,0
1281,0,1
1282,0,0
1283,0,0
1284,0,0
1285,1,1
1286,0,0
1287,0,0
1288,0,0
1289,0,0
1290,1,1
1291,1,1
1292,0,0
1293,0,0
1294,0,0
1295,0,0
1296,0,1
1297,0,0
1298,1,1
1299,0,0
1300,0,0
1301,1,1
1302,1,1
1303,1,1
1304,1,1
1305,0,0
1306,1,1
1307,0,0
1308,1,1
1309,0,0
1310,0,0
1311,1,1
1312,0,0
1313,1,1
1314,1,1
1315,1,1
1316,0,0
1317,0,0
1318,0,0
1319,1,1
1320,1,1
1321,0,0
1322,1,1
1323,1,1
1324,1,1
1325,1,1
1326,0,0
1327,0,0
1328,1,1
1329,1,1
1330,1,1
1331,1,1
1332,0,0
1333,1,1
1334,0,0
1335,0,0
1336,0,0
1337,1,1
1338,1,1
1339,1,1
1340,1,1
1341,1,1
1342,1,1
1343,1,1
1344,0,0
1345,0,0
1346,1,1
1347,0,0
1348,0,0
1349,1,1
1350,1,1
1351,1,1
1352,0,0
1353,1,1
1354,1,1
1355,0,1
1356,1,1
1357,1,1
1358,0,0
1359,0,0
1360,0,0
1361,0,0
1362,0,0
1363,1,1
1364,0,0
1365,1,1
1366,1,1
1367,0,0
1368,1,1
1369,1,1
1370,0,0
1371,1,1
1372,0,0
1373,0,0
1374,0,0
1375,1,1
1376,0,0
1377,0,0
1378,0,0
1379,1,1
1380,1,1
1381,1,1
1382,0,0
1383,1,1
1384,1,1
1385,1,1
1386,0,0
1387,1,1
1388,1,1
1389,0,0
1390,1,1
1391,0,0
1392,1,1
1393,1,1
1394,1,1
1395,1,1
1396,1,1
1397,1,1
1398,1,1
1399,0,0
1400,0,0
1401,1,1
1402,1,0
1403,1,1
1404,1,0
1405,0,0
1406,0,0
1407,0,0
1408,0,0
1409,0,0
1410,0,0
1411,1,1
1412,1,1
1413,0,0
1414,0,0
1415,0,0
1416,0,0
1417,1,1
1418,0,0
1419,0,0
1420,0,0
1421,0,0
1422,1,1
1423,0,0
1424,1,1
1425,1,1
1426,1,1
1427,1,1
1428,1,1
1429,1,1
1430,1,1
1431,1,1
1432,0,0
1433,0,0
1434,0,0
1435,1,1
1436,1,1
1437,0,0
1438,0,0
1439,1,1
1440,0,0
1441,0,0
1442,0,0
1443,0,0
1444,0,0
1445,1,1
1446,1,1
1447,1,1
1448,0,0
1449,0,0
1450,0,0
1451,1,1
1452,0,0
1453,0,0
1454,1,1
1455,0,0
1456,1,1
1457,1,1
1458,1,1
1459,1,1
1460,1,1
1461,0,0
1462,0,0
1463,0,0
1464,0,0
1465,1,1
1466,0,0
1467,1,1
1468,1,1
1469,1,1
1470,0,0
1471,1,1
1472,1,1
1473,0,0
1474,0,0
1475,0,0
1476,1,1
1477,1,1
1478,1,1
1479,0,0
1480,1,1
1481,1,1
1482,1,1
1483,0,0
1484,0,0
1485,1,1
1486,1,0
1487,1,1
1488,1,1
1489,1,1
1490,1,1
1491,1,1
1492,0,0
1493,1,1
1494,1,1
1495,1,1
1496,0,0
1497,0,0
1498,0,0
1499,0,0
1500,1,1
1501,0,0
1502,0,0
1503,0,0
1504,1,1
1505,0,0
1506,0,0
1507,1,1
1508,0,0
1509,1,1
1510,1,1
1511,0,0
1512,0,0
1513,1,1
1514,0,0
1515,1,1
1516,0,0
1517,1,1
1518,1,1
1519,0,0
1520,1,1
1521,0,0
1522,1,1
1523,1,1
1524,1,1
1525,0,0
1526,1,1
1527,0,0
1528,0,0
1529,0,0
1530,1,1
1531,1,1
1532,0,0
1533,1,1
1534,1,1
1535,0,0
1536,0,0
1537,0,0
1538,0,0
1539,1,1
1540,0,0
1541,1,1
1542,0,0
1543,1,1
1544,0,0
1545,1,1
1546,1,1
1547,1,1
1548,0,0
1549,1,1
1550,0,0
1551,1,1
1552,0,0
1553,1,1
1554,0,0
1555,0,0
1556,0,0
1557,0,0
1558,1,1
1559,0,0
1560,1,1
1561,1,1
1562,0,0
1563,1,1
1564,1,1
1565,0,0
1566,1,1
1567,1,1
1568,0,1
1569,1,1
1570,1,1
1571,1,1
1572,1,1
1573,0,0
1574,0,0
1575,0,0
1576,1,1
1577,1,1
1578,0,0
1579,1,1
1580,0,0
1581,0,0
1582,1,1
1583,1,1
1584,0,0
1585,1,1
1586,0,0
1587,1,1
1588,1,1
1589,1,1
1590,1,1
1591,0,0
1592,1,1
1593,0,0
1594,0,0
1595,0,0
1596,1,1
1597,1,1
1598,0,0
1599,1,1
1600,0,0
1601,0,0
1602,0,0
1603,1,1
1604,1,1
1605,0,0
1606,0,0
1607,1,1
1608,0,0
1609,1,1
1610,0,0
1611,0,0
1612,1,1
1613,0,0
1614,1,1
1615,1,1
1616,1,1
1617,0,0
1618,1,1
1619,0,0
1620,0,0
1621,0,0
1622,1,1
1623,1,1
1624,0,0
1625,0,0
1626,1,1
1627,0,0
1628,0,1
1629,1,1
1630,1,1
1631,0,0
1632,1,1
1633,1,1
1634,0,0
1635,0,0
1636,0,0
1637,1,1
1638,1,1
1639,1,1
1640,1,1
1641,0,0
1642,0,0
1643,1,1
1644,0,1
1645,1,1
1646,0,0
1647,1,1
1648,1,1
1649,0,0
1650,0,0
1651,0,0
1652,1,1
1653,1,1
1654,0,0
1655,1,1
1656,0,0
1657,1,1
1658,0,0
1659,0,0
1660,0,0
1661,1,1
1662,0,0
1663,0,0
1664,0,0
1665,0,0
1666,0,0
1667,0,0
1668,1,1
1669,1,1
1670,1,1
1671,1,1
1672,1,1
1673,1,1
1674,1,0
1675,1,1
1676,0,0
1677,0,0
1678,0,0
1679,1,0
1680,1,1
1681,0,0
1682,0,0
1683,1,1
1684,1,1
1685,1,1
1686,1,1
1687,0,0
1688,1,1
1689,1,1
1690,1,1
1691,1,1
1692,1,1
1693,1,1
1694,1,1
1695,1,1
1696,1,1
1697,1,1
1698,1,1
1699,1,1
1700,1,1
1701,1,1
1702,1,1
1703,1,1
1704,1,1
1705,0,0
1706,0,0
1707,1,1
1708,1,1
1709,0,0
1710,0,0
1711,0,0
1712,1,1
1713,0,0
1714,0,0
1715,0,0
1716,1,1
1717,1,1
1718,1,1
1719,0,0
1720,0,0
1721,0,0
1722,0,0
1723,1,1
1724,0,1
1725,1,1
1726,1,1
1727,0,0
1728,1,1
1729,0,0
1730,1,1
1731,1,1
1732,0,0
1733,1,1
1734,0,0
1735,0,0
1736,0,0
1737,1,1
1738,0,0
1739,0,0
1740,1,1
1741,0,0
1742,0,0
1743,0,0
1744,1,1
1745,1,1
1746,0,0
1747,0,0
1748,1,1
1749,1,1
1750,1,1
1751,1,1
1752,1,1
1753,1,1
1754,1,1
1755,0,0
1756,1,1
1757,1,1
1758,1,1
1759,1,1
1760,1,1
1761,0,0
1762,0,0
1763,0,0
1764,1,1
1765,0,0
1766,0,0
1767,1,1
1768,1,1
1769,0,0
1770,0,0
1771,0,0
1772,0,1
1773,1,0
1774,0,0
1775,1,1
1776,1,1
1777,0,0
1778,0,0
1779,1,1
1780,0,0
1781,0,0
1782,0,0
1783,1,1
1784,0,0
1785,1,1
1786,0,0
1787,0,0
1788,1,1
1789,0,0
1790,0,0
1791,0,0
1792,1,1
1793,1,1
1794,0,1
1795,0,0
1796,1,1
1797,0,0
1798,1,1
1799,0,0
1800,0,0
1801,1,1
1802,0,0
1803,1,1
1804,1,1
1805,0,0
1806,1,1
1807,0,1
1808,1,1
1809,1,1
1810,1,1
1811,1,1
1812,1,1
1813,1,1
1814,1,1
1815,1,1
1816,1,1
1817,1,1
1818,1,1
1819,1,1
1820,1,1
1821,0,0
1822,1,1
1823,1,1
1824,1,1
1825,1,1
1826,1,1
1827,1,1
1828,1,1
1829,0,0
1830,0,1
1831,0,0
1832,0,0
1833,0,0
1834,1,1
1835,1,1
1836,1,1
1837,0,0
1838,0,0
1839,1,1
1840,0,0
1841,0,0
1842,0,0
1843,1,1
1844,0,0
1845,1,1
1846,0,0
1847,0,0
1848,1,1
1849,1,1
1850,0,0
1851,1,1
1852,0,0
1853,1,1
1854,1,1
1855,0,0
1856,1,1
1857,0,0
1858,0,0
1859,0,0
1860,1,1
1861,1,1
1862,1,1
1863,0,0
1864,1,1
1865,0,0
1866,0,0
1867,0,0
1868,0,0
1869,1,1
1870,0,0
1871,1,1
1872,1,1
1873,1,1
1874,1,1
1875,1,1
1876,1,1
1877,0,0
1878,0,0
1879,0,0
1880,0,0
1881,0,0
1882,1,1
1883,0,0
1884,0,0
1885,0,0
1886,1,1
1887,1,1
1888,0,0
1889,0,0
1890,1,1
1891,0,0
1892,1,1
1893,1,1
1894,1,1
1895,1,1
1896,0,0
1897,0,0
1898,0,0
1899,0,0
1900,1,1
1901,1,1
1902,1,1
1903,1,1
1904,0,0
1905,1,1
1906,0,0
1907,1,1
1908,1,1
1909,1,1
1910,1,1
1911,0,0
1912,0,0
1913,1,1
1914,0,0
1915,1,1
1916,0,0
1917,0,0
1918,1,1
1919,1,1
1920,0,0
1921,0,0
1922,0,0
1923,1,1
1924,0,0
1925,0,0
1926,1,1
1927,1,1
1928,1,1
1929,0,0
1930,0,0
1931,1,1
1932,0,0
1933,1,1
1934,0,0
1935,1,1
1936,0,0
1937,1,1
1938,0,0
1939,1,1
1940,1,1
1941,1,1
1942,0,1
1943,0,1
1944,0,0
1945,0,0
1946,0,0
1947,0,0
1948,0,0
1949,0,0
1950,1,1
1951,1,1
1952,1,1
1953,1,1
1954,1,1
1955,0,0
1956,0,0
1957,1,1
1958,1,1
1959,1,1
1960,1,1
1961,0,0
1962,0,0
1963,1,1
1964,1,1
1965,0,0
1966,0,0
1967,1,1
1968,1,1
1969,0,0
1970,1,1
1971,1,1
1972,1,1
1973,0,0
1974,0,0
1975,0,0
1976,1,1
1977,0,0
1978,0,0
1979,0,0
1980,1,1
1981,1,1
1982,0,1
1983,0,0
1984,1,1
1985,1,1
1986,0,0
1987,1,1
1988,0,0
1989,1,1
1990,1,1
1991,1,1
1992,0,0
1993,1,1
1994,0,0
1995,0,0
1996,1,1
1997,1,1
1998,1,1
1999,0,0
2000,1,1
2001,0,0
2002,0,0
2003,0,0
2004,1,1
2005,1,1
2006,0,0
2007,0,0
2008,1,1
2009,1,1
2010,0,0
2011,1,1
2012,0,0
2013,0,0
2014,1,1
2015,1,1
2016,0,0
2017,0,0
2018,1,1
2019,0,0
2020,1,1
2021,0,0
2022,0,0
2023,0,0
2024,1,1
2025,1,1
2026,1,1
2027,0,0
2028,0,0
2029,0,0
2030,1,1
2031,1,1
2032,0,0
2033,0,1
2034,1,1
2035,0,0
2036,1,1
2037,0,0
2038,1,1
2039,1,1
2040,1,1
2041,1,1
2042,0,0
2043,0,0
2044,1,1
2045,1,1
2046,1,1
2047,1,1
2048,0,0
2049,1,1
2050,0,0
2051,1,1
2052,0,0
2053,0,0
2054,1,1
2055,0,0
2056,1,1
2057,1,1
2058,0,0
2059,0,0
2060,0,0
2061,1,1
2062,1,1
2063,0,0
2064,0,0
2065,1,1
2066,1,1
2067,1,1
2068,1,1
2069,0,0
2070,0,0
2071,1,1
2072,1,1
2073,0,0
2074,1,1
2075,1,1
2076,0,0
2077,0,0
2078,1,1
2079,1,1
2080,0,0
2081,0,0
2082,0,0
2083,1,1
2084,0,0
2085,0,0
2086,1,1
2087,0,0
2088,0,0
2089,0,0
2090,1,1
2091,0,0
2092,0,0
2093,1,1
2094,0,0
2095,0,0
2096,1,1
2097,1,1
2098,0,0
2099,0,0
2100,0,0
2101,1,1
2102,1,1
2103,1,1
2104,1,1
2105,1,1
2106,0,0
2107,0,0
2108,0,0
2109,0,0
2110,0,0
2111,1,1
2112,1,1
2113,1,1
2114,0,0
2115,0,0
2116,0,0
2117,1,1
2118,0,0
2119,1,1
2120,0,0
2121,0,0
2122,1,1
2123,0,0
2124,0,0
2125,0,0
2126,0,0
2127,1,1
2128,1,1
2129,1,1
2130,1,1
2131,1,1
2132,0,0
2133,1,1
2134,0,0
2135,0,0
2136,0,1
2137,0,0
2138,0,0
2139,0,0
2140,1,1
2141,1,1
2142,1,1
2143,1,1
2144,0,0
2145,1,1
2146,0,0
2147,0,0
2148,1,1
2149,0,0
2150,0,0
2151,0,0
2152,0,0
2153,1,1
2154,0,0
2155,0,0
2156,1,1
2157,1,1
2158,1,1
2159,1,1
2160,0,0
2161,0,0
2162,1,1
2163,1,1
2164,0,0
2165,1,1
2166,0,0
2167,1,1
2168,0,0
2169,0,0
2170,0,0
2171,1,1
2172,1,1
2173,0,0
2174,0,0
2175,0,0
2176,1,1
2177,0,0
2178,1,1
2179,0,0
2180,1,1
2181,0,0
2182,0,0
2183,0,0
2184,1,1
2185,0,0
2186,0,0
2187,0,0
2188,0,1
2189,1,1
2190,1,1
2191,1,1
2192,1,1
2193,1,1
2194,0,0
2195,1,1
2196,1,1
2197,1,1
2198,1,1
2199,1,1
2200,0,0
2201,0,0
2202,0,0
2203,1,1
2204,1,1
2205,0,0
2206,1,1
2207,0,0
2208,1,1
2209,1,1
2210,1,1
2211,1,1
2212,0,0
2213,1,1
2214,1,1
2215,1,1
2216,0,0
2217,0,0
2218,0,0
2219,0,0
2220,1,1
2221,1,0
2222,0,0
2223,0,0
2224,0,0
2225,0,0
2226,1,1
2227,0,0
2228,1,1
2229,0,0
2230,1,1
2231,1,1
2232,0,0
2233,0,0
2234,1,1
2235,0,0
2236,0,0
2237,0,0
2238,0,0
2239,1,1
2240,1,1
2241,0,0
2242,1,1
2243,1,1
2244,1,1
2245,1,1
2246,1,1
2247,1,1
2248,0,0
2249,0,0
2250,1,1
2251,0,0
2252,0,0
2253,0,0
2254,0,0
2255,0,1
2256,1,1
2257,1,1
2258,1,1
2259,0,0
2260,1,1
2261,0,0
2262,1,1
2263,1,1
2264,0,0
2265,0,0
2266,0,0
2267,1,1
2268,1,1
2269,1,1
2270,1,1
2271,0,0
2272,1,1
2273,1,1
2274,1,1
2275,1,1
2276,0,0
2277,0,0
2278,1,1
2279,1,1
2280,1,1
2281,0,1
2282,0,0
2283,1,1
2284,1,1
2285,0,0
2286,1,1
2287,0,0
2288,0,0
2289,0,0
2290,0,0
2291,0,0
2292,0,0
2293,1,1
2294,1,1
2295,1,1
2296,0,0
2297,1,1
2298,1,1
2299,0,0
2300,0,0
2301,1,1
2302,1,1
2303,0,0
2304,0,0
2305,1,1
2306,1,1
2307,1,1
2308,0,0
2309,0,0
2310,0,0
2311,1,1
2312,1,1
2313,0,0
2314,0,0
2315,0,0
2316,0,0
2317,1,1
2318,1,1
2319,1,1
2320,1,1
2321,1,1
2322,0,0
2323,1,1
2324,0,0
2325,1,1
2326,0,0
2327,1,1
2328,1,1
2329,1,1
2330,0,0
2331,1,1
2332,0,0
2333,0,0
2334,0,0
2335,0,0
2336,1,1
2337,0,0
2338,1,1
2339,1,1
2340,0,0
2341,0,0
2342,0,0
2343,1,1
2344,0,0
2345,1,1
2346,1,1
2347,0,0
2348,1,1
2349,1,1
2350,0,0
2351,0,0
2352,0,0
2353,0,0
2354,1,1
2355,0,0
2356,0,0
2357,0,0
2358,0,0
2359,1,1
2360,0,0
2361,1,1
2362,0,0
2363,0,0
2364,0,0
2365,1,1
2366,0,0
2367,1,1
2368,0,0
2369,1,1
2370,0,0
2371,0,0
2372,0,0
2373,0,0
2374,1,1
2375,1,1
2376,0,0
2377,1,1
2378,1,1
2379,1,1
2380,0,0
2381,0,0
2382,1,1
2383,1,1
2384,1,1
2385,1,1
2386,1,1
2387,0,0
2388,1,1
2389,1,1
2390,1,1
2391,1,1
2392,1,1
2393,1,1
2394,1,1
2395,1,1
2396,0,0
2397,1,1
2398,0,0
2399,0,0
2400,1,1
2401,1,1
2402,1,1
2403,1,1
2404,0,0
2405,0,0
2406,1,1
2407,0,1
2408,0,0
2409,0,0
2410,0,0
2411,0,0
2412,1,1
2413,1,1
2414,0,0
2415,0,1
2416,1,1
2417,1,1
2418,0,0
2419,1,1
2420,1,1
2421,1,1
2422,1,1
2423,0,0
2424,0,0
2425,0,0
2426,1,1
2427,0,0
2428,1,1
2429,1,1
2430,0,0
2431,1,1
2432,0,0
2433,0,0
2434,1,1
2435,0,0
2436,1,1
2437,0,0
2438,1,1
2439,1,1
2440,0,0
2441,1,1
2442,1,1
2443,1,1
2444,0,0
2445,1,1
2446,0,0
2447,0,0
2448,0,0
2449,1,1
2450,1,1
2451,1,1
2452,0,0
2453,0,0
2454,0,0
2455,1,1
2456,1,1
2457,0,0
2458,1,1
2459,0,0
2460,0,0
2461,0,0
2462,0,0
2463,1,1
2464,0,0
2465,1,1
2466,1,1
2467,1,1
2468,0,0
2469,1,1
2470,1,1
2471,1,1
2472,0,0
2473,1,1
2474,1,1
2475,1,1
2476,1,1
2477,0,0
2478,0,0
2479,1,1
2480,1,1
2481,0,0
2482,1,1
2483,0,0
2484,1,1
2485,0,0
2486,0,0
2487,0,0
2488,1,1
2489,1,1
2490,0,0
2491,0,0
2492,1,1
2493,0,0
2494,1,1
2495,1,1
2496,0,0
2497,0,0
2498,0,0
2499,0,0
2500,0,0
2501,1,1
2502,1,1
2503,0,0
2504,1,1
2505,0,0
2506,0,0
2507,1,1
2508,0,0
2509,1,1
2510,0,0
2511,1,1
2512,1,1
2513,0,0
2514,0,0
2515,0,0
2516,0,0
2517,1,1
2518,1,1
2519,1,1
2520,1,1
2521,1,1
2522,1,1
2523,1,1
2524,0,0
2525,0,0
2526,1,1
2527,1,1
2528,1,1
2529,0,0
2530,1,1
2531,0,0
2532,1,1
2533,0,0
2534,1,1
2535,0,0
2536,0,0
2537,0,0
2538,1,1
2539,1,1
2540,0,0
2541,0,0
2542,0,0
2543,1,1
2544,0,0
2545,0,0
2546,0,0
2547,1,1
2548,1,1
2549,1,1
2550,1,1
2551,0,0
2552,0,0
2553,0,0
2554,1,1
2555,1,1
2556,1,1
2557,0,0
2558,0,0
2559,1,1
2560,0,0
2561,0,0
2562,1,1
2563,1,1
2564,0,0
2565,1,1
2566,0,0
2567,1,1
2568,0,0
2569,1,1
2570,1,1
2571,0,1
2572,1,1
2573,0,0
2574,0,0
2575,1,1
2576,1,1
2577,1,1
2578,1,1
2579,1,1
2580,0,0
2581,1,1
2582,0,0
2583,1,1
2584,0,0
2585,0,0
2586,0,0
2587,1,1
2588,1,1
2589,0,0
2590,0,0
2591,1,1
2592,1,1
2593,0,0
2594,0,0
2595,1,1
2596,1,1
2597,1,1
2598,0,0
2599,0,0
2600,1,1
2601,1,1
2602,1,1
2603,1,1
2604,1,1
2605,0,0
2606,1,1
2607,0,0
2608,1,1
2609,1,1
2610,1,1
2611,1,1
2612,0,0
2613,1,1
2614,1,1
2615,0,0
2616,0,0
2617,0,0
2618,0,0
2619,1,1
2620,1,1
2621,1,1
2622,1,1
2623,0,0
2624,1,1
2625,0,0
2626,0,0
2627,1,1
2628,0,0
2629,0,0
2630,1,1
2631,0,0
2632,0,0
2633,0,0
2634,1,1
2635,1,1
2636,1,1
2637,0,0
2638,0,0
2639,1,1
2640,1,1
2641,0,0
2642,1,1
2643,1,1
2644,1,1
2645,0,0
2646,1,1
2647,1,1
2648,0,0
2649,1,1
2650,0,0
2651,1,1
2652,1,1
2653,0,0
2654,1,1
2655,0,0
2656,0,0
2657,0,0
2658,1,1
2659,1,1
2660,1,1
2661,0,0
2662,1,1
2663,0,0
2664,0,0
2665,0,0
2666,1,1
2667,1,1
2668,1,1
2669,1,1
2670,1,1
2671,0,0
2672,0,0
2673,1,1
2674,0,0
2675,1,0
2676,1,1
2677,1,1
2678,0,0
2679,0,0
2680,1,1
2681,1,1
2682,1,1
2683,1,1
2684,1,1
2685,0,0
2686,1,1
2687,0,0
2688,1,1
2689,0,0
2690,0,0
2691,1,1
2692,0,0
2693,0,0
2694,1,1
2695,1,1
2696,1,1
2697,0,0
2698,0,0
2699,0,0
2700,0,0
2701,0,0
2702,1,1
2703,1,1
2704,0,0
2705,0,0
2706,0,0
2707,1,1
2708,0,0
2709,0,0
2710,1,1
2711,1,1
2712,1,1
2713,1,1
2714,1,1
2715,0,0
2716,0,0
2717,1,1
2718,0,0
2719,1,1
2720,0,0
2721,0,0
2722,0,0
2723,0,0
2724,1,1
2725,0,0
2726,1,1
2727,1,1
2728,1,1
2729,0,0
2730,1,1
2731,1,1
2732,0,0
2733,1,1
2734,1,1
2735,1,1
2736,0,0
2737,0,0
2738,0,0
2739,0,0
2740,1,1
2741,1,1
2742,1,1
2743,0,0
2744,1,1
2745,1,1
2746,0,0
2747,0,0
2748,1,1
2749,1,1
2750,1,1
2751,0,0
2752,0,0
2753,1,1
2754,1,1
2755,1,1
2756,0,0
2757,0,0
2758,0,0
2759,0,0
2760,0,0
2761,1,1
2762,1,1
2763,1,1
2764,0,0
2765,1,1
2766,0,0
2767,0,0
2768,0,0
2769,1,1
2770,1,1
2771,1,1
2772,1,1
2773,0,0
2774,1,1
2775,1,1
2776,0,0
2777,0,0
2778,0,0
2779,0,0
2780,1,1
2781,1,1
2782,0,0
2783,1,1
2784,1,1
2785,0,0
2786,0,0
2787,0,0
2788,0,0
2789,0,0
2790,1,1
2791,1,1
2792,0,0
2793,1,1
2794,0,0
2795,1,1
2796,0,0
2797,0,0
2798,1,1
2799,0,0
2800,1,1
2801,1,1
2802,0,1
2803,1,1
2804,1,1
2805,1,1
2806,0,0
2807,0,0
2808,0,0
2809,1,1
2810,1,1
2811,1,1
2812,0,0
2813,0,0
2814,1,1
2815,0,0
2816,0,0
2817,1,1
2818,1,1
2819,0,0
2820,0,0
2821,0,0
2822,0,0
2823,0,0
2824,1,1
2825,1,1
2826,0,0
2827,0,0
2828,1,1
2829,1,1
2830,0,0
2831,1,1
2832,1,1
2833,1,1
2834,0,0
2835,0,0
2836,1,1
2837,1,1
2838,1,1
2839,0,0
2840,1,1
2841,0,0
2842,0,0
2843,0,0
2844,1,1
2845,0,0
2846,1,1
2847,0,0
2848,0,0
2849,0,0
2850,0,1
2851,0,0
2852,0,0
2853,1,1
2854,1,1
2855,1,1
2856,1,1
2857,0,0
2858,1,1
2859,1,1
2860,1,1
2861,1,1
2862,1,1
2863,1,1
2864,1,1
2865,0,0
2866,0,0
2867,1,1
2868,0,0
2869,1,0
2870,1,1
2871,0,0
2872,0,0
2873,1,1
2874,0,0
2875,1,1
2876,0,0
2877,0,0
2878,0,0
2879,1,1
2880,1,1
2881,0,0
2882,0,0
2883,1,1
2884,1,1
2885,1,1
2886,0,0
2887,1,1
2888,0,0
2889,1,1
2890,1,1
2891,1,1
2892,0,0
2893,0,0
2894,1,1
2895,1,1
2896,1,1
2897,0,0
2898,1,1
2899,1,1
2900,0,0
2901,0,0
2902,1,1
2903,0,0
2904,1,1
2905,1,0
2906,0,0
2907,0,0
2908,1,1
2909,1,1
2910,0,0
2911,0,0
2912,1,1
2913,1,1
2914,1,1
2915,1,1
2916,1,1
2917,0,0
2918,1,1
2919,0,0
2920,1,1
2921,0,1
2922,1,1
2923,1,1
2924,0,0
2925,1,1
2926,1,1
2927,0,0
2928,1,1
2929,0,0
2930,0,0
2931,0,0
2932,0,0
2933,1,0
2934,1,1
2935,0,0
2936,0,0
2937,0,0
2938,0,0
2939,0,0
2940,1,1
2941,0,0
2942,0,0
2943,0,1
2944,0,0
2945,0,0
2946,0,0
2947,1,1
2948,0,0
2949,1,1
2950,1,1
2951,0,0
2952,0,0
2953,0,0
2954,1,1
2955,1,1
2956,0,0
2957,1,1
2958,1,1
2959,0,0
2960,0,0
2961,0,0
2962,0,0
2963,1,1
2964,1,1
2965,0,0
2966,0,0
2967,1,1
2968,1,1
2969,1,1
2970,1,1
2971,1,1
2972,1,1
2973,0,0
2974,0,0
2975,1,0
2976,0,0
2977,1,1
2978,1,1
2979,0,0
2980,0,0
2981,1,1
2982,0,0
2983,0,0
2984,0,0
2985,1,1
2986,1,1
2987,1,1
2988,1,1
2989,0,0
2990,0,0
2991,1,1
2992,1,1
2993,0,1
2994,0,0
2995,1,1
2996,1,1
2997,0,0
2998,1,1
2999,1,1
3000,1,1
3001,1,1
3002,0,0
3003,0,0
3004,0,0
3005,0,0
3006,0,0
3007,0,0
3008,0,0
3009,0,0
3010,1,1
3011,1,1
3012,0,0
3013,1,1
3014,0,0
3015,0,0
3016,1,1
3017,0,0
3018,1,1
3019,0,0
3020,0,0
3021,1,1
3022,0,0
3023,0,0
3024,1,1
3025,1,1
3026,0,0
3027,1,1
3028,1,1
3029,0,0
3030,0,0
3031,1,1
3032,1,1
3033,0,0
3034,1,1
3035,1,1
3036,0,0
3037,0,0
3038,1,1
3039,0,0
3040,0,0
3041,1,1
3042,1,1
3043,0,0
3044,0,0
3045,1,1
3046,1,1
3047,1,1
3048,1,1
3049,1,1
3050,1,1
3051,1,1
3052,1,1
3053,0,0
3054,0,0
3055,1,1
3056,1,1
3057,0,0
3058,0,0
3059,0,0
3060,1,1
3061,1,1
3062,1,1
3063,0,0
3064,1,1
3065,1,1
3066,0,0
3067,1,1
3068,1,1
3069,0,0
3070,0,0
3071,0,0
3072,0,0
3073,0,0
3074,1,1
3075,0,0
3076,1,1
3077,1,1
3078,1,1
3079,0,0
3080,1,1
3081,0,0
3082,0,0
3083,0,0
3084,1,1
3085,0,0
3086,0,0
3087,0,0
3088,0,0
3089,1,1
3090,0,0
3091,0,0
3092,0,0
3093,0,0
3094,0,0
3095,0,0
3096,1,1
3097,0,0
3098,0,0
3099,1,1
3100,1,1
3101,1,1
3102,0,0
3103,0,0
3104,1,1
3105,0,0
3106,0,0
3107,1,1
3108,0,0
3109,1,1
3110,0,0
3111,0,0
3112,1,1
3113,1,1
3114,1,1
3115,1,1
3116,1,1
3117,1,1
3118,0,1
3119,1,1
3120,1,1
3121,1,1
3122,0,0
3123,1,1
3124,0,0
3125,1,1
3126,0,0
3127,0,0
3128,1,1
3129,0,0
3130,0,0
3131,0,0
3132,1,1
3133,1,1
3134,1,1
3135,0,0
3136,1,1
3137,0,0
3138,0,0
3139,0,0
3140,0,0
3141,0,0
3142,0,0
3143,0,0
3144,0,0
3145,0,0
3146,1,1
3147,1,0
3148,0,0
3149,1,1
3150,1,1
3151,0,1
3152,1,1
3153,1,1
3154,1,1
3155,0,0
3156,0,0
3157,1,1
3158,1,1
3159,0,0
3160,0,1
3161,1,1
3162,1,1
3163,1,1
3164,1,1
3165,1,1
3166,0,0
3167,1,1
3168,1,1
3169,0,0
3170,1,1
3171,1,1
3172,0,0
3173,1,1
3174,1,1
3175,0,0
3176,1,1
3177,0,0
3178,0,0
3179,0,0
3180,1,1
3181,1,1
3182,0,1
3183,1,1
3184,0,0
3185,0,0
3186,1,1
3187,1,1
3188,1,1
3189,1,1
3190,0,0
3191,1,1
3192,0,0
3193,1,1
3194,0,0
3195,0,0
3196,0,0
3197,0,0
3198,0,0
3199,1,1
3200,1,1
3201,0,0
3202,0,0
3203,0,0
3204,1,1
3205,1,1
3206,1,1
3207,1,1
3208,1,1
3209,1,1
3210,1,1
3211,1,1
3212,0,0
3213,0,0
3214,1,1
3215,1,1
3216,1,1
3217,1,1
3218,0,0
3219,1,1
3220,0,0
3221,1,1
3222,0,0
3223,1,1
3224,0,0
3225,1,1
3226,0,0
3227,0,0
3228,1,1
3229,0,0
3230,0,0
3231,0,0
3232,1,1
3233,0,0
3234,0,0
3235,0,0
3236,0,0
3237,1,1
3238,1,1
3239,1,1
3240,1,1
3241,1,1
3242,0,0
3243,0,0
3244,0,0
3245,1,1
3246,1,1
3247,1,1
3248,0,0
3249,0,0
3250,0,0
3251,0,0
3252,0,0
3253,1,1
3254,1,1
3255,1,1
3256,0,0
3257,0,0
3258,1,1
3259,0,0
3260,0,0
3261,1,1
3262,1,1
3263,0,0
3264,1,1
3265,0,0
3266,0,0
3267,1,1
3268,0,0
3269,0,0
3270,1,1
3271,1,1
3272,1,1
3273,0,0
3274,0,0
3275,0,0
3276,1,1
3277,1,1
3278,1,1
3279,1,1
3280,0,0
3281,1,1
3282,0,0
3283,1,1
3284,1,1
3285,0,0
3286,1,1
3287,1,1
3288,1,1
3289,0,1
3290,0,0
3291,0,0
3292,1,1
3293,1,1
3294,0,0
3295,0,0
3296,1,1
3297,0,0
3298,0,0
3299,1,1
3300,1,1
3301,0,0
3302,1,1
3303,1,1
3304,0,0
3305,1,1
3306,0,0
3307,1,1
3308,1,1
3309,1,1
3310,1,1
3311,1,1
3312,0,0
3313,1,1
3314,1,1
3315,1,1
3316,0,1
3317,0,0
3318,1,1
3319,0,0
3320,0,0
3321,1,1
3322,0,0
3323,0,0
3324,0,0
3325,1,1
3326,1,1
3327,0,1
3328,0,1
3329,0,0
3330,0,0
3331,1,1
3332,1,1
3333,1,1
3334,0,0
3335,0,0
3336,1,1
3337,0,0
3338,1,1
3339,1,1
3340,1,1
3341,1,1
3342,1,1
3343,1,1
3344,1,1
3345,0,0
3346,1,1
3347,1,1
3348,0,0
3349,0,0
3350,0,0
3351,1,1
3352,0,0
3353,1,1
3354,0,0
3355,1,1
3356,1,1
3357,1,1
3358,0,0
3359,0,0
3360,0,0
3361,1,1
3362,0,0
3363,1,1
3364,1,1
3365,0,0
3366,1,1
3367,0,0
3368,0,0
3369,0,0
3370,0,0
3371,1,0
3372,0,0
3373,1,1
3374,0,0
3375,1,1
3376,1,1
3377,0,0
3378,1,1
3379,1,1
3380,1,1
3381,1,1
3382,1,1
3383,1,1
3384,1,1
3385,0,0
3386,1,1
3387,1,1
3388,0,0
3389,1,1
3390,0,0
3391,1,1
3392,0,0
3393,0,0
3394,1,1
3395,1,1
3396,1,1
3397,0,0
3398,0,0
3399,1,1
3400,0,0
3401,1,1
3402,1,1
3403,0,0
3404,0,0
3405,1,1
3406,0,0
3407,1,1
3408,1,1
3409,0,0
3410,1,1
3411,1,1
3412,1,1
3413,1,1
3414,0,0
3415,1,1
3416,0,0
3417,0,1
3418,0,0
3419,1,0
3420,1,1
3421,0,0
3422,1,1
3423,1,1
3424,0,1
3425,0,0
3426,0,0
3427,0,0
3428,0,0
3429,0,0
3430,0,0
3431,0,0
3432,1,1
3433,1,1
3434,0,0
3435,1,1
3436,1,1
3437,1,1
3438,1,1
3439,0,0
3440,0,1
3441,0,0
3442,0,0
3443,0,0
3444,1,1
3445,1,1
3446,0,1
3447,0,1
3448,0,0
3449,0,0
3450,1,1
3451,0,0
3452,0,0
3453,1,1
3454,1,1
3455,0,0
3456,0,0
3457,1,1
3458,1,1
3459,0,0
3460,1,1
3461,1,1
3462,1,1
3463,1,1
3464,0,0
3465,0,0
3466,0,0
3467,0,0
3468,1,1
3469,1,1
3470,0,0
3471,1,1
3472,1,1
3473,0,0
3474,1,1
3475,1,1
3476,1,1
3477,0,0
3478,1,1
3479,1,1
3480,0,0
3481,1,1
3482,0,0
3483,0,0
3484,1,1
3485,1,1
3486,1,1
3487,1,1
3488,0,0
3489,0,0
3490,1,1
3491,1,1
3492,1,1
3493,1,1
3494,0,0
3495,1,1
3496,0,0
3497,1,1
3498,1,1
3499,0,0
3500,1,1
3501,0,0
3502,1,1
3503,0,0
3504,1,1
3505,1,1
3506,0,0
3507,1,1
3508,1,1
3509,0,0
3510,1,1
3511,1,1
3512,1,1
3513,0,0
3514,1,1
3515,0,0
3516,0,0
3517,1,1
3518,1,1
3519,1,1
3520,1,1
3521,1,1
3522,0,0
3523,0,0
3524,1,1
3525,1,1
3526,1,1
3527,0,0
3528,1,1
3529,0,0
3530,0,0
3531,1,1
3532,1,1
3533,1,1
3534,1,1
3535,0,0
3536,0,0
3537,0,0
3538,0,1
3539,1,1
3540,1,1
3541,1,1
3542,1,1
3543,0,0
3544,1,1
3545,1,1
3546,0,0
3547,0,0
3548,0,0
3549,0,0
3550,1,1
3551,0,0
3552,0,0
3553,0,0
3554,1,1
3555,1,1
3556,0,0
3557,1,1
3558,1,1
3559,0,0
3560,0,0
3561,1,1
3562,1,0
3563,1,1
3564,1,1
3565,0,0
3566,0,0
3567,1,1
3568,0,0
3569,0,0
3570,1,1
3571,0,0
3572,1,1
3573,0,0
3574,1,1
3575,1,1
3576,0,0
3577,1,1
3578,1,1
3579,1,1
3580,1,1
3581,0,0
3582,1,1
3583,1,1
3584,0,0
3585,0,0
3586,0,0
3587,0,0
3588,0,0
3589,1,1
3590,1,1
3591,1,1
3592,1,1
3593,0,0
3594,1,1
3595,1,1
3596,1,1
3597,0,0
3598,0,0
3599,0,0
3600,0,0
3601,0,0
3602,1,1
3603,0,0
3604,1,1
3605,1,1
3606,1,1
3607,0,0
3608,0,0
3609,1,1
3610,0,1
3611,0,0
3612,0,0
3613,1,1
3614,1,1
3615,1,1
3616,1,1
3617,0,0
3618,1,1
3619,1,1
3620,0,0
3621,0,0
3622,0,0
3623,1,1
3624,0,0
3625,0,0
3626,1,1
3627,0,0
3628,0,0
3629,1,1
3630,0,0
3631,0,0
3632,0,0
3633,1,1
3634,0,0
3635,0,0
3636,0,0
3637,0,0
3638,1,1
3639,0,0
3640,0,0
3641,1,1
3642,0,0
3643,1,1
3644,0,0
3645,0,0
3646,1,1
3647,1,1
3648,1,1
3649,1,1
3650,0,1
3651,1,1
3652,1,1
3653,1,1
3654,1,1
3655,1,1
3656,1,1
3657,1,0
3658,0,0
3659,0,0
3660,1,1
3661,0,0
3662,1,1
3663,0,0
3664,0,0
3665,0,0
3666,1,1
3667,1,1
3668,0,0
3669,1,1
3670,0,0
3671,1,1
3672,1,1
3673,1,1
3674,0,0
3675,0,0
3676,1,1
3677,0,0
3678,1,1
3679,1,1
3680,0,0
3681,0,0
3682,0,0
3683,0,0
3684,1,1
3685,0,0
3686,0,0
3687,1,1
3688,0,0
3689,1,1
3690,0,0
3691,1,1
3692,1,1
3693,1,1
3694,1,1
3695,0,0
3696,1,1
3697,0,0
3698,0,0
3699,0,0
3700,1,1
3701,1,1
3702,1,1
3703,0,0
3704,1,0
3705,0,0
3706,0,0
3707,1,1
3708,0,0
3709,0,0
3710,1,1
3711,1,1
3712,1,1
3713,1,1
3714,1,1
3715,1,1
3716,0,0
3717,1,1
3718,0,0
3719,0,0
3720,1,1
3721,0,0
3722,0,0
3723,0,0
3724,0,0
3725,1,1
3726,1,1
3727,1,1
3728,0,0
3729,0,0
3730,1,1
3731,1,1
3732,0,0
3733,1,1
3734,1,1
3735,0,0
3736,1,1
3737,0,0
3738,0,0
3739,0,0
3740,1,1
3741,0,0
3742,0,0
3743,1,1
3744,1,1
3745,1,1
3746,0,1
3747,0,0
3748,1,1
3749,0,0
3750,0,0
3751,1,0
3752,0,0
3753,1,1
3754,0,0
3755,1,1
3756,0,0
3757,0,0
3758,1,1
3759,0,0
3760,1,1
3761,1,1
3762,0,0
3763,1,1
3764,0,0
3765,0,0
3766,1,1
3767,0,0
3768,0,0
3769,0,0
3770,0,0
3771,1,1
3772,1,1
3773,1,1
3774,1,1
3775,0,0
3776,0,0
3777,0,0
3778,1,1
3779,1,1
3780,1,1
3781,0,0
3782,0,0
3783,1,1
3784,0,0
3785,0,0
3786,0,0
3787,0,0
3788,0,0
3789,0,0
3790,1,1
3791,1,1
3792,0,0
3793,0,0
3794,0,0
3795,0,0
3796,0,0
3797,0,0
3798,0,0
3799,1,1
3800,0,0
3801,0,0
3802,1,1
3803,1,1
3804,0,0
3805,1,1
3806,1,1
3807,1,1
3808,1,1
3809,1,1
3810,0,0
3811,1,1
3812,1,1
3813,0,0
3814,1,1
3815,1,1
3816,1,1
3817,0,0
3818,0,0
3819,0,0
3820,0,0
3821,1,1
3822,0,0
3823,0,0
3824,1,1
3825,1,1
3826,1,1
3827,1,1
3828,1,1
3829,0,0
3830,0,0
3831,0,0
3832,0,0
3833,1,1
3834,1,1
3835,1,1
3836,1,1
3837,1,1
3838,0,0
3839,0,0
3840,0,0
3841,1,1
3842,0,0
3843,1,1
3844,1,1
3845,0,0
3846,1,1
3847,1,1
3848,0,0
3849,0,0
3850,1,1
3851,1,1
3852,1,1
3853,0,0
3854,1,1
3855,0,0
3856,0,0
3857,1,1
3858,1,1
3859,0,0
3860,1,1
3861,0,0
3862,1,1
3863,1,1
3864,1,1
3865,0,1
3866,0,0
3867,1,1
3868,0,0
3869,1,1
3870,1,1
3871,0,0
3872,0,0
3873,1,1
3874,1,1
3875,0,0
3876,0,0
3877,1,1
3878,0,0
3879,0,0
3880,0,0
3881,1,1
3882,0,0
3883,0,0
3884,1,1
3885,0,0
3886,0,0
3887,0,0
3888,1,1
3889,0,0
3890,1,1
3891,1,1
3892,1,1
3893,0,0
3894,1,1
3895,1,1
3896,0,0
3897,0,0
3898,1,1
3899,0,0
3900,0,0
3901,0,0
3902,0,0
3903,1,1
3904,0,0
3905,0,0
3906,0,0
3907,0,0
3908,1,1
3909,1,1
3910,0,0
3911,0,0
3912,0,0
3913,0,0
3914,1,1
3915,0,0
3916,1,1
3917,0,0
3918,0,0
3919,1,1
3920,0,0
3921,1,1
3922,0,0
3923,0,0
3924,0,0
3925,0,0
3926,1,1
3927,1,1
3928,1,1
3929,1,1
3930,1,1
3931,0,0
3932,1,1
3933,0,0
3934,0,0
3935,0,0
3936,0,0
3937,0,0
3938,0,0
3939,1,1
3940,1,1
3941,0,0
3942,0,0
3943,1,1
3944,0,0
3945,0,0
3946,0,0
3947,0,0
3948,0,0
3949,1,1
3950,1,1
3951,0,0
3952,0,0
3953,1,1
3954,1,1
3955,1,1
3956,0,0
3957,0,0
3958,0,0
3959,1,1
3960,0,0
3961,1,1
3962,1,1
3963,0,0
3964,1,1
3965,1,1
3966,0,0
3967,0,0
3968,1,1
3969,1,1
3970,0,0
3971,1,1
3972,1,1
3973,1,1
3974,1,1
3975,0,0
3976,1,1
3977,0,0
3978,1,1
3979,0,1
3980,0,0
3981,1,1
3982,0,0
3983,1,1
3984,0,0
3985,1,1
3986,1,1
3987,0,0
3988,0,1
3989,1,1
3990,1,1
3991,0,0
3992,1,1
3993,0,0
3994,1,1
3995,0,0
3996,0,0
3997,1,1
3998,1,1
3999,1,1
4000,1,1
4001,1,1
4002,1,1
4003,0,0
4004,1,1
4005,0,0
4006,0,0
4007,1,1
4008,1,1
4009,1,1
4010,1,0
4011,1,1
4012,0,0
4013,0,0
4014,1,1
4015,0,0
4016,0,1
4017,0,0
4018,0,1
4019,1,1
4020,1,1
4021,1,1
4022,0,0
4023,0,0
4024,1,1
4025,0,0
4026,0,0
4027,0,0
4028,0,0
4029,0,0
4030,0,0
4031,0,0
4032,1,1
4033,0,0
4034,0,0
4035,0,0
4036,1,1
4037,0,0
4038,0,0
4039,1,1
4040,1,1
4041,0,0
4042,0,0
4043,0,0
4044,0,0
4045,0,0
4046,1,1
4047,0,0
4048,0,0
4049,0,0
4050,0,0
4051,1,1
4052,0,0
4053,0,0
4054,1,1
4055,1,1
4056,1,1
4057,1,1
4058,1,1
4059,1,1
4060,0,0
4061,1,1
4062,1,1
4063,0,0
4064,0,0
4065,0,0
4066,0,0
4067,0,0
4068,1,1
4069,0,0
4070,0,0
4071,1,1
4072,0,0
4073,1,1
4074,1,1
4075,1,1
4076,0,0
4077,0,0
4078,0,0
4079,1,1
4080,1,1
4081,0,0
4082,1,1
4083,0,0
4084,0,0
4085,0,0
4086,0,0
4087,1,1
4088,1,1
4089,0,1
4090,0,0
4091,1,1
4092,1,1
4093,0,0
4094,0,0
4095,1,1
4096,1,1
4097,1,1
4098,0,0
4099,1,1
4100,1,1
4101,0,0
4102,0,0
4103,1,1
4104,0,0
4105,1,1
4106,1,1
4107,1,1
4108,0,0
4109,0,0
4110,1,1
4111,1,1
4112,0,0
4113,0,0
4114,0,0
4115,0,0
4116,1,1
4117,0,0
4118,0,0
4119,1,1
4120,0,0
4121,1,1
4122,1,1
4123,1,1
4124,1,1
4125,0,0
4126,0,0
4127,0,0
4128,0,0
4129,0,0
4130,1,1
4131,0,0
4132,0,0
4133,0,0
4134,1,1
4135,0,0
4136,1,1
4137,1,1
4138,0,0
4139,0,0
4140,0,0
4141,0,0
4142,0,0
4143,1,1
4144,0,0
4145,0,0
4146,0,0
4147,1,1
4148,0,0
4149,0,0
4150,1,1
4151,0,0
4152,1,1
4153,1,1
4154,1,1
4155,1,1
4156,0,0
4157,1,1
4158,0,0
4159,1,1
4160,0,0
4161,1,1
4162,0,0
4163,0,0
4164,0,0
4165,0,0
4166,0,0
4167,1,1
4168,1,1
4169,1,1
4170,0,0
4171,0,0
4172,0,0
4173,0,0
4174,0,0
4175,0,0
4176,0,0
4177,0,0
4178,1,1
4179,1,1
4180,1,1
4181,1,1
4182,0,0
4183,1,1
4184,1,1
4185,0,0
4186,0,0
4187,0,0
4188,1,1
4189,0,0
4190,1,1
4191,0,1
4192,0,0
4193,0,0
4194,1,1
4195,1,1
4196,1,1
4197,0,0
4198,0,0
4199,1,1
4200,1,1
4201,1,1
4202,1,1
4203,1,1
4204,1,1
4205,0,0
4206,1,1
4207,1,1
4208,1,1
4209,1,1
4210,0,0
4211,0,0
4212,0,0
4213,1,1
4214,0,0
4215,0,0
4216,0,0
4217,0,0
4218,0,0
4219,0,0
4220,1,1
4221,1,1
4222,0,0
4223,0,0
4224,0,0
4225,1,1
4226,1,1
4227,0,0
4228,1,1
4229,0,0
4230,1,1
4231,0,0
4232,1,1
4233,0,1
4234,0,0
4235,0,0
4236,0,0
4237,0,0
4238,1,1
4239,0,0
4240,0,0
4241,1,1
4242,0,0
4243,1,1
4244,1,1
4245,1,1
4246,1,1
4247,1,1
4248,0,0
4249,1,1
4250,1,1
4251,1,1
4252,1,1
4253,1,1
4254,1,1
4255,1,1
4256,0,0
4257,0,0
4258,0,0
4259,0,0
4260,0,0
4261,1,1
4262,0,0
4263,1,1
4264,1,1
4265,0,0
4266,0,0
4267,1,1
4268,0,0
4269,0,0
4270,1,1
4271,1,1
4272,1,1
4273,1,1
4274,1,1
4275,1,1
4276,1,1
4277,0,0
4278,1,1
4279,1,1
4280,0,0
4281,1,1
4282,1,1
4283,0,0
4284,0,0
4285,1,1
4286,0,0
4287,1,1
4288,0,0
4289,0,0
4290,0,0
4291,1,1
4292,1,1
4293,0,0
4294,0,0
4295,1,1
4296,0,0
4297,1,1
4298,1,1
4299,1,1
4300,1,1
4301,1,1
4302,0,0
4303,1,1
4304,1,1
4305,0,0
4306,0,0
4307,1,1
4308,1,1
4309,1,1
4310,1,1
4311,0,0
4312,1,1
4313,0,0
4314,1,1
4315,0,0
4316,0,0
4317,0,0
4318,1,1
4319,1,1
4320,0,0
4321,1,1
4322,1,0
4323,0,0
4324,0,0
4325,0,0
4326,0,0
4327,0,0
4328,1,1
4329,0,0
4330,0,0
4331,1,1
4332,1,1
4333,1,1
4334,0,0
4335,0,0
4336,1,1
4337,1,1
4338,1,1
4339,0,0
4340,1,0
4341,1,1
4342,1,1
4343,1,1
4344,0,0
4345,1,1
4346,0,0
4347,0,0
4348,0,0
4349,0,0
4350,1,1
4351,0,0
4352,1,1
4353,1,1
4354,1,1
4355,0,0
4356,0,0
4357,0,0
4358,0,0
4359,0,0
4360,1,1
4361,1,1
4362,1,1
4363,0,0
4364,0,0
4365,1,1
4366,0,0
4367,1,1
4368,0,0
4369,0,0
4370,0,0
4371,1,1
4372,1,1
4373,0,0
4374,0,0
4375,0,0
4376,0,0
4377,1,1
4378,0,0
4379,0,0
4380,1,1
4381,0,0
4382,0,0
4383,1,1
4384,1,1
4385,1,1
4386,1,1
4387,1,1
4388,1,1
4389,1,1
4390,1,1
4391,0,0
4392,1,1
4393,0,0
4394,0,0
4395,1,1
4396,0,0
4397,0,0
4398,0,0
4399,1,1
4400,0,0
4401,1,1
4402,1,1
4403,1,1
4404,1,1
4405,0,0
4406,1,1
4407,0,0
4408,0,0
4409,1,1
4410,1,1
4411,1,1
4412,1,1
4413,0,0
4414,0,0
4415,1,1
4416,1,1
4417,0,0
4418,0,0
4419,1,1
4420,1,1
4421,0,0
4422,1,1
4423,1,1
4424,0,0
4425,1,1
4426,1,1
4427,0,0
4428,0,0
4429,0,0
4430,0,0
4431,0,0
4432,1,1
4433,1,1
4434,0,0
4435,0,0
4436,1,1
4437,0,0
4438,0,0
4439,1,1
4440,1,1
4441,0,0
4442,1,1
4443,0,0
4444,0,0
4445,1,1
4446,1,1
4447,1,1
4448,1,1
4449,0,0
4450,0,0
4451,0,0
4452,0,0
4453,1,1
4454,1,1
4455,1,1
4456,1,1
4457,0,0
4458,1,1
4459,0,0
4460,1,1
4461,0,0
4462,0,0
4463,1,1
4464,1,1
4465,0,0
4466,0,0
4467,1,1
4468,0,0
4469,1,1
4470,1,1
4471,0,0
4472,0,0
4473,1,1
4474,0,0
4475,0,0
4476,0,0
4477,0,0
4478,1,1
4479,1,1
4480,1,1
4481,1,1
4482,0,0
4483,1,1
4484,0,0
4485,1,1
4486,0,0
4487,0,0
4488,0,0
4489,1,1
4490,0,0
4491,1,1
4492,1,1
4493,1,1
4494,0,0
4495,1,1
4496,1,1
4497,0,0
4498,0,0
4499,1,1
4500,1,1
4501,0,0
4502,0,0
4503,0,0
4504,0,0
4505,1,1
4506,0,0
4507,1,1
4508,0,0
4509,0,0
4510,1,1
4511,1,1
4512,1,1
4513,0,0
4514,1,1
4515,0,0
4516,1,1
4517,0,0
4518,1,1
4519,0,0
4520,0,0
4521,1,1
4522,1,1
4523,1,1
4524,0,0
4525,1,1
4526,0,0
4527,1,1
4528,0,0
4529,0,0
4530,1,1
4531,0,0
4532,1,1
4533,1,1
4534,1,1
4535,1,1
4536,1,1
4537,0,0
4538,0,0
4539,0,0
4540,1,1
4541,0,0
4542,1,1
4543,1,1
4544,0,1
4545,1,1
4546,1,1
4547,0,0
4548,0,0
4549,1,1
4550,1,1
4551,1,1
4552,1,1
4553,0,0
4554,1,1
4555,0,0
4556,0,0
4557,1,1
4558,0,0
4559,1,1
4560,0,0
4561,1,1
4562,1,1
4563,1,1
4564,0,0
4565,0,0
4566,1,1
4567,0,0
4568,1,1
4569,0,0
4570,1,1
4571,0,0
4572,1,1
4573,0,0
4574,1,1
4575,1,1
4576,0,0
4577,0,0
4578,1,1
4579,0,0
4580,0,0
4581,0,0
4582,0,0
4583,0,0
4584,0,0
4585,1,1
4586,1,1
4587,1,1
4588,1,1
4589,0,0
4590,1,1
4591,0,0
4592,0,0
4593,1,1
4594,0,0
4595,0,0
4596,1,1
4597,1,1
4598,1,1
4599,1,1
4600,0,0
4601,0,0
4602,1,1
4603,0,0
4604,0,0
4605,0,0
4606,0,0
4607,0,0
4608,0,0
4609,1,1
4610,1,1
4611,1,1
4612,1,1
4613,0,0
4614,1,1
4615,1,1
4616,0,0
4617,1,1
4618,1,1
4619,1,1
4620,0,0
4621,1,1
4622,0,0
4623,0,0
4624,1,1
4625,0,0
4626,1,1
4627,0,0
4628,0,0
4629,0,0
4630,0,0
4631,0,0
4632,0,0
4633,0,0
4634,1,1
4635,0,0
4636,1,1
4637,1,1
4638,0,0
4639,1,1
4640,1,1
4641,1,1
4642,0,0
4643,0,0
4644,0,0
4645,1,1
4646,1,1
4647,0,0
4648,0,0
4649,1,1
4650,1,1
4651,0,0
4652,1,1
4653,0,0
4654,0,0
4655,1,1
4656,1,1
4657,0,0
4658,0,0
4659,1,1
4660,1,1
4661,0,0
4662,0,0
4663,1,1
4664,1,1
4665,0,0
4666,1,1
4667,1,1
4668,1,0
4669,1,1
4670,0,0
4671,1,1
4672,0,0
4673,0,0
4674,0,0
4675,1,1
4676,0,0
4677,1,1
4678,0,0
4679,1,1
4680,1,1
4681,0,0
4682,1,1
4683,0,0
4684,1,1
4685,0,0
4686,0,0
4687,0,0
4688,1,1
4689,0,0
4690,1,1
4691,1,1
4692,1,1
4693,1,1
4694,0,0
4695,1,1
4696,0,0
4697,0,0
4698,0,0
4699,0,0
4700,1,0
4701,1,1
4702,1,0
4703,1,1
4704,0,0
4705,0,0
4706,0,0
4707,0,0
4708,0,0
4709,0,0
4710,1,1
4711,0,0
4712,1,1
4713,0,0
4714,0,0
4715,1,1
4716,0,0
4717,1,1
4718,0,0
4719,1,1
4720,1,1
4721,0,0
4722,1,1
4723,0,0
4724,1,0
4725,1,1
4726,0,0
4727,1,1
4728,1,1
4729,0,0
4730,1,1
4731,1,1
4732,0,0
4733,1,1
4734,0,0
4735,1,1
4736,1,1
4737,0,0
4738,0,1
4739,0,0
4740,1,1
4741,0,0
4742,0,0
4743,0,0
4744,1,1
4745,0,0
4746,1,1
4747,1,1
4748,1,1
4749,0,0
4750,0,0
4751,1,1
4752,0,0
4753,1,1
4754,0,0
4755,1,1
4756,1,1
4757,1,1
4758,1,1
4759,0,0
4760,0,0
4761,0,0
4762,1,1
4763,1,1
4764,0,0
4765,1,1
4766,1,1
4767,1,1
4768,0,0
4769,1,1
4770,0,0
4771,1,0
4772,1,1
4773,1,1
4774,0,0
4775,0,0
4776,0,0
4777,0,0
4778,0,0
4779,0,0
4780,0,1
4781,1,1
4782,0,0
4783,1,1
4784,0,0
4785,0,0
4786,0,0
4787,1,1
4788,0,0
4789,0,0
4790,1,1
4791,1,1
4792,1,0
4793,1,1
4794,1,1
4795,0,0
4796,1,1
4797,0,0
4798,1,1
4799,1,1
4800,1,1
4801,1,1
4802,1,1
4803,0,0
4804,0,1
4805,0,0
4806,0,0
4807,0,0
4808,1,1
4809,0,0
4810,1,1
4811,0,0
4812,0,0
4813,0,0
4814,0,0
4815,0,0
4816,0,0
4817,0,0
4818,0,0
4819,1,1
4820,1,1
4821,1,1
4822,0,0
4823,1,1
4824,1,1
4825,1,1
4826,1,1
4827,0,0
4828,0,0
4829,0,0
4830,0,0
4831,0,0
4832,0,0
4833,1,1
4834,1,1
4835,0,0
4836,1,1
4837,1,1
4838,1,1
4839,0,0
4840,1,1
4841,1,1
4842,1,1
4843,1,1
4844,1,1
4845,1,1
4846,0,0
4847,1,1
4848,1,1
4849,0,0
4850,0,0
4851,0,0
4852,1,1
4853,0,0
4854,0,0
4855,1,1
4856,0,0
4857,0,0
4858,0,0
4859,1,1
4860,1,1
4861,1,1
4862,0,0
4863,0,0
4864,0,0
4865,1,1
4866,0,0
4867,1,1
4868,0,0
4869,0,0
4870,0,0
4871,1,1
4872,1,1
4873,1,1
4874,1,1
4875,1,0
4876,1,1
4877,1,1
4878,1,1
4879,1,1
4880,1,1
4881,1,1
4882,0,0
4883,0,0
4884,1,1
4885,0,0
4886,0,0
4887,1,1
4888,0,0
4889,1,1
4890,1,1
4891,1,1
4892,0,0
4893,1,1
4894,1,1
4895,0,0
4896,1,1
4897,1,1
4898,1,1
4899,0,0
4900,1,1
4901,1,1
4902,0,0
4903,1,1
4904,0,0
4905,0,0
4906,1,1
4907,1,1
4908,1,1
4909,0,0
4910,0,0
4911,1,1
4912,1,1
4913,1,1
4914,0,0
4915,0,0
4916,1,1
4917,1,1
4918,1,1
4919,1,1
4920,0,0
4921,0,0
4922,1,1
4923,0,0
4924,1,1
4925,0,0
4926,1,1
4927,1,1
4928,0,0
4929,0,0
4930,0,0
4931,0,0
4932,1,1
4933,1,1
4934,0,0
4935,0,0
4936,0,0
4937,0,0
4938,0,0
4939,0,0
4940,1,1
4941,0,0
4942,0,0
4943,0,0
4944,0,0
4945,1,1
4946,0,1
4947,1,1
4948,1,1
4949,0,0
4950,0,0
4951,1,1
4952,1,1
4953,0,0
4954,1,1
4955,0,0
4956,1,1
4957,0,0
4958,1,1
4959,0,0
4960,0,0
4961,0,0
4962,0,0
4963,0,0
4964,1,1
4965,0,0
4966,1,1
4967,0,0
4968,0,0
4969,1,1
4970,1,1
4971,0,0
4972,1,1
4973,1,1
4974,0,0
4975,1,1
4976,0,0
4977,1,1
4978,1,1
4979,1,1
4980,1,1
4981,1,1
4982,1,1
4983,1,1
4984,1,1
4985,1,1
4986,1,1
4987,0,0
4988,0,0
4989,1,1
4990,1,1
4991,0,0
4992,0,0
4993,1,1
4994,0,0
4995,0,0
4996,1,1
4997,1,1
4998,0,0
4999,0,0
5000,1,1
5001,1,0
5002,0,0
5003,0,0
5004,1,1
5005,0,0
5006,0,0
5007,0,0
5008,0,0
5009,1,1
5010,1,1
5011,0,0
5012,0,0
5013,0,0
5014,1,1
5015,0,0
5016,1,1
5017,1,1
5018,1,1
5019,0,0
5020,1,1
5021,0,0
5022,1,1
5023,0,0
5024,0,0
5025,0,0
5026,0,0
5027,0,0
5028,0,0
5029,0,0
5030,0,0
5031,0,0
5032,1,1
5033,1,1
5034,1,1
5035,0,0
5036,0,0
5037,1,1
5038,1,1
5039,1,1
5040,0,0
5041,0,0
5042,0,0
5043,0,0
5044,0,0
5045,1,0
5046,1,1
5047,1,1
5048,1,1
5049,1,1
5050,0,0
5051,0,0
5052,0,0
5053,1,1
5054,0,0
5055,0,1
5056,0,0
5057,0,0
5058,0,0
5059,0,0
5060,1,1
5061,0,0
5062,1,1
5063,1,1
5064,0,0
5065,0,0
5066,1,1
5067,1,1
5068,1,1
5069,0,0
5070,0,0
5071,0,0
5072,1,1
5073,0,0
5074,0,0
5075,0,1
5076,0,0
5077,0,0
5078,1,1
5079,1,1
5080,0,1
5081,1,1
5082,0,0
5083,1,1
5084,0,0
5085,1,1
5086,1,0
5087,0,0
5088,1,1
5089,1,1
5090,1,1
5091,1,1
5092,0,0
5093,0,0
5094,0,0
5095,1,1
5096,1,1
5097,1,1
5098,0,0
5099,0,0
5100,0,1
5101,0,0
5102,1,1
5103,0,0
5104,1,1
5105,0,0
5106,0,0
5107,1,1
5108,1,1
5109,1,1
5110,1,1
5111,0,0
5112,0,0
5113,1,1
5114,1,1
5115,1,1
5116,1,1
5117,0,0
5118,1,1
5119,1,1
5120,0,0
5121,0,0
5122,1,1
5123,1,1
5124,0,0
5125,1,1
5126,1,1
5127,0,0
5128,0,0
5129,0,0
5130,0,0
5131,0,1
5132,0,0
5133,0,0
5134,0,0
5135,0,0
5136,0,0
5137,0,0
5138,0,0
5139,0,0
5140,1,1
5141,0,0
5142,0,0
5143,1,1
5144,0,0
5145,0,0
5146,1,1
5147,1,0
5148,1,1
5149,0,0
5150,1,1
5151,0,0
5152,1,1
5153,1,1
5154,1,1
5155,0,0
5156,0,0
5157,0,0
5158,0,0
5159,0,0
5160,1,1
5161,0,0
5162,0,0
5163,1,1
5164,1,1
5165,1,1
5166,1,1
5167,0,0
5168,0,0
5169,0,0
5170,1,1
5171,1,1
5172,0,0
5173,0,0
5174,1,1
5175,1,1
5176,1,1
5177,0,0
5178,0,0
5179,0,0
5180,0,0
5181,1,1
5182,0,0
5183,1,0
5184,0,0
5185,0,0
5186,0,0
5187,1,1
5188,1,1
5189,1,1
5190,1,1
5191,1,1
5192,0,0
5193,1,1
5194,0,0
5195,1,1
5196,0,0
5197,1,1
5198,1,1
5199,1,1
5200,1,1
5201,1,1
5202,1,1
5203,1,1
5204,1,1
5205,0,0
5206,0,0
5207,1,1
5208,0,0
5209,0,0
5210,0,0
5211,0,0
5212,0,0
5213,0,0
5214,0,0
5215,1,1
5216,1,1
5217,0,0
5218,0,0
5219,0,0
5220,0,0
5221,0,0
5222,0,0
5223,0,0
5224,0,0
5225,0,0
5226,0,0
5227,1,1
5228,1,1
5229,1,1
5230,0,0
5231,1,1
5232,0,0
5233,0,0
5234,0,0
5235,0,0
5236,0,1
5237,1,1
5238,1,1
5239,1,1
5240,1,1
5241,1,1
5242,1,1
5243,0,0
5244,0,0
5245,0,0
5246,0,0
5247,1,1
5248,1,1
5249,1,1
5250,1,1
5251,0,0
5252,0,0
5253,1,1
5254,0,0
5255,1,1
5256,0,0
5257,0,0
5258,1,1
5259,1,1
5260,1,1
5261,1,1
5262,0,0
5263,1,1
5264,0,0
5265,0,0
5266,0,1
5267,0,0
5268,1,1
5269,0,0
5270,1,1
5271,1,1
5272,0,0
5273,0,0
5274,1,1
5275,1,1
5276,0,0
5277,1,1
5278,1,1
5279,1,1
5280,0,0
5281,1,1
5282,1,1
5283,0,0
5284,0,0
5285,0,0
5286,1,1
5287,1,1
5288,1,1
5289,1,1
5290,1,1
5291,1,1
5292,1,1
5293,0,0
5294,1,1
5295,1,1
5296,0,0
5297,0,0
5298,1,1
5299,0,0
5300,0,0
5301,0,0
5302,0,0
5303,0,0
5304,0,0
5305,1,1
5306,1,1
5307,1,1
5308,0,0
5309,0,0
5310,1,0
5311,1,1
5312,1,1
5313,1,1
5314,1,1
5315,1,1
5316,0,0
5317,0,0
5318,0,0
5319,1,1
5320,1,1
5321,0,0
5322,0,0
5323,1,1
5324,1,1
5325,1,1
5326,0,0
5327,1,1
5328,1,1
5329,0,1
5330,0,0
5331,0,0
5332,1,1
5333,0,0
5334,0,0
5335,0,0
5336,0,0
5337,0,0
5338,1,1
5339,0,0
5340,1,1
5341,1,1
5342,1,1
5343,0,0
5344,0,0
5345,0,1
5346,1,1
5347,0,0
5348,0,0
5349,0,0
5350,1,1
5351,1,1
5352,0,0
5353,0,0
5354,1,1
5355,0,0
5356,0,0
5357,0,0
5358,0,0
5359,1,1
5360,1,1
5361,0,0
5362,0,0
5363,1,1
5364,0,0
5365,0,0
5366,1,1
5367,1,1
5368,1,1
5369,1,1
5370,0,1
5371,1,1
5372,0,0
5373,0,0
5374,1,1
5375,1,1
5376,1,1
5377,1,1
5378,0,0
5379,0,0
5380,0,0
5381,0,0
5382,0,0
5383,0,0
5384,0,0
5385,0,0
5386,0,1
5387,0,0
5388,0,0
5389,0,1
5390,1,1
5391,1,1
5392,1,1
5393,1,1
5394,0,0
5395,1,1
5396,0,0
5397,1,1
5398,1,1
5399,1,1
5400,0,0
5401,1,1
5402,0,0
5403,1,1
5404,0,1
5405,0,0
5406,1,1
5407,0,0
5408,1,1
5409,1,1
5410,0,0
5411,1,1
5412,0,0
5413,1,1
5414,0,0
5415,1,1
5416,0,0
5417,0,0
5418,1,1
5419,1,1
5420,0,0
5421,0,0
5422,1,1
5423,1,1
5424,1,1
5425,0,0
5426,0,0
5427,1,1
5428,0,0
5429,1,1
5430,1,1
5431,1,1
5432,1,1
5433,0,0
5434,1,1
5435,0,0
5436,1,1
5437,1,1
5438,1,1
5439,1,1
5440,1,1
5441,0,0
5442,0,0
5443,0,0
5444,1,1
5445,0,0
5446,0,0
5447,0,0
5448,0,0
5449,0,0
5450,0,0
5451,1,1
5452,1,1
5453,1,1
5454,1,1
5455,1,0
5456,0,0
5457,1,1
5458,1,1
5459,1,1
5460,0,0
5461,0,0
5462,1,1
5463,1,1
5464,0,0
5465,1,1
5466,0,0
5467,0,0
5468,1,1
5469,1,1
5470,0,0
5471,0,0
5472,1,1
5473,0,0
5474,0,0
5475,0,0
5476,0,0
5477,1,1
5478,0,0
5479,0,0
5480,0,0
5481,1,1
5482,1,1
5483,0,1
5484,0,0
5485,1,1
5486,1,1
5487,1,1
5488,0,0
5489,1,1
5490,0,0
5491,0,0
5492,0,0
5493,1,1
5494,1,1
5495,1,1
5496,0,0
5497,1,1
5498,1,1
5499,1,1
5500,0,0
5501,0,0
5502,1,1
5503,1,1
5504,0,0
5505,1,1
5506,0,0
5507,1,0
5508,0,0
5509,0,0
5510,1,1
5511,1,1
5512,1,1
5513,1,1
5514,1,1
5515,1,1
5516,0,0
5517,0,0
5518,0,0
5519,0,0
5520,0,0
5521,0,0
5522,1,1
5523,0,0
5524,0,0
5525,1,1
5526,1,1
5527,1,1
5528,0,0
5529,0,0
5530,0,0
5531,0,0
5532,0,0
5533,0,1
5534,0,0
5535,0,0
5536,0,1
5537,0,0
5538,1,1
5539,1,1
5540,1,1
5541,0,0
5542,0,0
5543,0,0
5544,0,0
5545,0,0
5546,1,1
5547,0,0
5548,0,1
5549,1,1
5550,1,1
5551,0,0
5552,1,1
5553,0,0
5554,0,0
5555,1,1
5556,0,0
5557,0,0
5558,1,1
5559,0,0
5560,1,1
5561,1,1
5562,1,1
5563,0,0
5564,0,0
5565,0,0
5566,1,1
5567,0,0
5568,1,1
5569,1,1
5570,1,1
5571,0,0
5572,0,0
5573,1,1
5574,1,1
5575,1,1
5576,0,0
5577,0,0
5578,1,1
5579,1,1
5580,1,1
5581,1,1
5582,0,0
5583,1,1
5584,0,0
5585,1,1
5586,0,0
5587,0,0
5588,1,1
5589,0,0
5590,0,0
5591,0,0
5592,1,1
5593,1,1
5594,0,0
5595,1,1
5596,0,0
5597,1,1
5598,1,1
5599,1,1
5600,0,0
5601,1,1
5602,0,0
5603,0,0
5604,0,0
5605,0,0
5606,1,1
5607,1,1
5608,0,0
5609,0,0
5610,1,1
5611,1,1
5612,1,1
5613,0,0
5614,1,1
5615,1,1
5616,0,0
5617,1,1
5618,0,0
5619,1,1
5620,1,1
5621,1,0
5622,0,0
5623,1,1
5624,0,0
5625,1,1
5626,1,1
5627,1,1
5628,0,0
5629,1,1
5630,1,1
5631,0,0
5632,0,0
5633,1,1
5634,1,1
5635,1,1
5636,1,1
5637,1,1
5638,0,0
5639,1,1
5640,1,1
5641,1,1
5642,0,0
5643,1,1
5644,0,0
5645,0,0
5646,1,1
5647,1,1
5648,1,1
5649,0,1
5650,1,1
5651,0,0
5652,1,1
5653,1,1
5654,0,0
5655,1,1
5656,0,0
5657,1,1
5658,1,1
5659,0,0
5660,1,1
5661,1,1
5662,0,0
5663,1,1
5664,0,0
5665,0,0
5666,0,0
5667,0,0
5668,0,0
5669,1,1
5670,0,1
5671,1,1
5672,0,0
5673,1,1
5674,1,1
5675,0,0
5676,0,1
5677,0,0
5678,0,0
5679,1,1
5680,0,0
5681,1,1
5682,0,0
5683,0,0
5684,1,1
5685,1,1
5686,0,0
5687,0,0
5688,1,1
5689,1,1
5690,0,0
5691,1,1
5692,1,1
5693,0,0
5694,0,0
5695,0,0
5696,0,0
5697,0,0
5698,1,1
5699,1,1
5700,0,0
5701,1,1
5702,1,1
5703,1,1
5704,0,0
5705,0,0
5706,1,1
5707,0,0
5708,1,0
5709,0,0
5710,1,1
5711,0,0
5712,0,0
5713,0,0
5714,0,0
5715,0,0
5716,0,0
5717,0,0
5718,0,0
5719,1,1
5720,1,1
5721,1,1
5722,0,0
5723,1,1
5724,0,0
5725,1,1
5726,0,0
5727,0,0
5728,1,1
5729,0,0
5730,1,1
5731,0,0
5732,1,1
5733,1,1
5734,1,1
5735,0,0
5736,0,0
5737,0,0
5738,0,0
5739,0,0
5740,0,0
5741,0,0
5742,1,1
5743,1,1
5744,1,1
5745,1,1
5746,0,0
5747,0,0
5748,0,0
5749,1,1
5750,1,1
5751,1,1
5752,0,0
5753,0,0
5754,1,1
5755,1,1
5756,1,1
5757,1,0
5758,1,1
5759,0,0
5760,1,1
5761,1,1
5762,1,1
5763,0,0
5764,1,1
5765,1,1
5766,1,1
5767,0,0
5768,0,0
5769,0,0
5770,1,1
5771,0,0
5772,0,0
5773,0,0
5774,1,1
5775,0,0
5776,0,0
5777,1,1
5778,0,0
5779,1,1
5780,1,1
5781,0,0
5782,0,0
5783,1,1
5784,1,1
5785,0,0
5786,1,1
5787,0,0
5788,1,1
5789,0,0
5790,0,0
5791,1,1
5792,1,1
5793,1,1
5794,1,1
5795,1,1
5796,1,1
5797,1,1
5798,1,0
5799,1,1
5800,1,1
5801,0,0
5802,1,1
5803,1,1
5804,0,0
5805,1,1
5806,0,1
5807,1,1
5808,0,0
5809,0,0
5810,0,0
5811,0,0
5812,0,0
5813,0,0
5814,1,1
5815,0,0
5816,1,1
5817,1,1
5818,0,0
5819,0,0
5820,1,1
5821,0,0
5822,1,1
5823,0,0
5824,0,0
5825,1,1
5826,0,0
5827,1,1
5828,0,0
5829,0,0
5830,1,1
5831,0,0
5832,0,1
5833,0,0
5834,1,1
5835,1,1
5836,0,0
5837,0,0
5838,0,0
5839,0,0
5840,0,0
5841,0,0
5842,1,1
5843,1,1
5844,0,0
5845,0,0
5846,1,1
5847,0,0
5848,1,1
5849,1,1
5850,1,0
5851,1,1
5852,0,0
5853,1,1
5854,1,1
5855,0,0
5856,1,1
5857,0,0
5858,0,0
5859,1,1
5860,1,1
5861,0,0
5862,0,0
5863,0,0
5864,0,0
5865,1,1
5866,0,0
5867,1,1
5868,0,0
5869,1,1
5870,0,0
5871,0,0
5872,1,1
5873,1,1
5874,1,1
5875,0,0
5876,1,1
5877,1,1
5878,0,0
5879,1,1
5880,0,0
5881,1,1
5882,0,0
5883,0,0
5884,0,0
5885,1,1
5886,1,1
5887,0,0
5888,0,0
5889,0,1
5890,0,0
5891,1,1
5892,1,1
5893,0,0
5894,1,1
5895,0,0
5896,1,1
5897,1,1
5898,1,1
5899,1,1
5900,1,1
5901,0,0
5902,0,0
5903,0,0
5904,0,0
5905,0,0
5906,0,0
5907,1,1
5908,1,1
5909,0,0
5910,0,0
5911,0,0
5912,1,1
5913,0,0
5914,1,1
5915,0,0
5916,1,1
5917,1,1
5918,0,0
5919,0,0
5920,0,0
5921,0,0
5922,0,1
5923,0,0
5924,1,1
5925,1,1
5926,1,1
5927,1,1
5928,1,1
5929,0,0
5930,0,0
5931,0,0
5932,0,0
5933,1,1
5934,1,1
5935,0,0
5936,1,1
5937,1,1
5938,1,1
5939,1,1
5940,1,1
5941,0,0
5942,0,0
5943,1,1
5944,1,1
5945,0,0
5946,0,1
5947,0,0
5948,0,0
5949,1,1
5950,1,1
5951,1,1
5952,1,1
5953,0,0
5954,0,0
5955,1,1
5956,0,0
5957,0,0
5958,0,0
5959,1,1
5960,0,0
5961,0,0
5962,0,0
5963,1,1
5964,1,1
5965,1,1
5966,0,0
5967,1,1
5968,0,0
5969,0,0
5970,0,0
5971,0,0
5972,0,0
5973,1,1
5974,1,1
5975,0,1
5976,0,0
5977,1,1
5978,1,1
5979,0,0
5980,1,1
5981,1,1
5982,1,1
5983,0,0
5984,0,0
5985,0,0
5986,0,0
5987,0,0
5988,1,1
5989,1,1
5990,1,1
5991,1,1
5992,0,0
5993,0,0
5994,0,0
5995,1,0
5996,0,0
5997,1,1
5998,1,1
5999,1,1
6000,1,1
6001,0,0
6002,1,1
6003,0,0
6004,1,1
6005,1,1
6006,0,0
6007,0,0
6008,0,0
6009,1,1
6010,0,0
6011,1,1
6012,1,1
6013,0,0
6014,1,1
6015,0,0
6016,1,1
6017,0,0
6018,1,1
6019,1,1
6020,1,1
6021,0,0
6022,0,0
6023,0,0
6024,1,1
6025,0,0
6026,1,1
6027,1,1
6028,1,1
6029,0,0
6030,1,1
6031,0,0
6032,0,0
6033,1,1
6034,0,0
6035,1,1
6036,0,1
6037,0,1
6038,0,0
6039,1,1
6040,0,0
6041,1,1
6042,0,0
6043,0,0
6044,0,0
6045,0,0
6046,0,0
6047,0,0
6048,1,1
6049,1,1
6050,0,0
6051,0,0
6052,0,0
6053,1,1
6054,1,1
6055,0,0
6056,0,0
6057,0,0
6058,0,0
6059,1,1
6060,0,0
6061,0,0
6062,1,1
6063,0,0
6064,1,1
6065,1,1
6066,0,0
6067,1,1
6068,1,1
6069,1,1
6070,1,1
6071,0,0
6072,1,1
6073,1,1
6074,0,0
6075,0,0
6076,1,1
6077,1,1
6078,0,0
6079,1,1
6080,0,0
6081,0,0
6082,0,1
6083,0,0
6084,1,1
6085,0,0
6086,1,1
6087,0,0
6088,0,0
6089,1,1
6090,0,0
6091,1,1
6092,0,0
6093,1,1
6094,0,0
6095,0,0
6096,0,0
6097,1,1
6098,1,1
6099,1,1
6100,1,1
6101,0,1
6102,0,0
6103,0,1
6104,0,0
6105,1,1
6106,0,0
6107,1,1
6108,0,0
6109,0,0
6110,1,1
6111,0,0
6112,1,1
6113,1,1
6114,0,0
6115,0,0
6116,1,1
6117,0,0
6118,1,1
6119,0,0
6120,0,0
6121,1,1
6122,1,1
6123,0,0
6124,1,1
6125,0,0
6126,1,1
6127,0,0
6128,1,1
6129,1,1
6130,0,0
6131,0,0
6132,0,0
6133,1,1
6134,0,0
6135,1,1
6136,1,1
6137,0,0
6138,1,1
6139,0,0
6140,1,1
6141,1,1
6142,1,1
6143,0,0
6144,0,0
6145,0,0
6146,1,1
6147,1,1
6148,0,0
6149,0,0
6150,0,0
6151,0,0
6152,1,1
6153,0,0
6154,1,1
6155,1,1
6156,0,0
6157,1,1
6158,0,0
6159,1,1
6160,1,1
6161,1,1
6162,1,1
6163,0,0
6164,1,1
6165,0,1
6166,0,0
6167,1,1
6168,0,0
6169,0,0
6170,0,0
6171,1,1
6172,0,0
6173,1,1
6174,1,1
6175,1,1
6176,0,0
6177,0,0
6178,1,1
6179,1,1
6180,1,1
6181,0,0
6182,1,0
6183,1,1
6184,0,0
6185,0,0
6186,1,1
6187,1,1
6188,0,0
6189,0,0
6190,0,0
6191,0,0
6192,1,1
6193,1,1
6194,0,0
6195,1,1
6196,1,1
6197,0,0
6198,0,0
6199,1,1
6200,0,0
6201,0,0
6202,0,0
6203,0,0
6204,1,1
6205,1,1
6206,0,0
6207,0,0
6208,0,0
6209,0,1
6210,0,0
6211,1,1
6212,1,1
6213,0,0
6214,0,0
6215,0,0
6216,0,0
6217,1,1
6218,1,1
6219,0,0
6220,1,1
6221,1,1
6222,0,0
6223,0,0
6224,0,0
6225,1,1
6226,1,1
6227,1,1
6228,1,1
